question_id,agent_index,agent_role,choice_A_prob,choice_B_prob,choice_C_prob,variance,entropy,gini,uniform_kl
0,1,You are an excellent judge with strong critical thinking skills,0.7,0.2,0.1,0.06888888888888887,1.1567796494470395,0.4000000000000001,0.4281828512741171
0,2,You are a knowledgeable and caring doctor,0.9,0.1,0.0,0.1622222222222222,0.46899559358928117,0.6,1.1050376315682857
0,3,You are a practical engineer,0.7,0.2,0.1,0.06888888888888887,1.1567796494470395,0.4000000000000001,0.4281828512741171
0,4,You are a precise lawyer,0.7,0.2,0.1,0.06888888888888887,1.1567796494470395,0.4000000000000001,0.4281828512741171
0,5,You are a clever merchant,0.7,0.2,0.1,0.06888888888888887,1.1567796494470395,0.4000000000000001,0.4281828512741171
0,6,You are a talented summarizer with excellent synthesis abilities,0.6,0.3,0.1,0.04222222222222222,1.295461844238322,0.3333333333333333,0.28950065648283463
1,1,You are an excellent judge with strong critical thinking skills,0.3,0.2,0.5,0.015555555555555553,1.4854752972273346,0.20000000000000004,0.0994872034938219
1,2,You are a knowledgeable and caring doctor,0.3,0.6,0.1,0.04222222222222222,1.295461844238322,0.3333333333333333,0.28950065648283463
1,3,You are a practical engineer,0.3,0.2,0.5,0.015555555555555553,1.4854752972273346,0.20000000000000004,0.0994872034938219
1,4,You are a precise lawyer,0.4,0.3,0.3,0.0022222222222222235,1.570950594454669,0.06666666666666672,0.01401190626648767
1,5,You are a clever merchant,0.4,0.1,0.5,0.02888888888888889,1.3609640474436813,0.2666666666666666,0.22399845327747514
1,6,You are a talented summarizer with excellent synthesis abilities,0.6,0.2,0.2,0.03555555555555555,1.370950594454669,0.2666666666666666,0.2140119062664876
3,1,You are an excellent judge with strong critical thinking skills,0.3,0.3,0.3,0.0,1.584962500721156,0.0,3.2034265038149176e-16
3,2,You are a knowledgeable and caring doctor,0.3,0.3,0.3,0.0,1.584962500721156,0.0,3.2034265038149176e-16
3,3,You are a practical engineer,0.3,0.3,0.3,0.0,1.584962500721156,0.0,3.2034265038149176e-16
3,4,You are a precise lawyer,0.3,0.3,0.3,0.0,1.584962500721156,0.0,3.2034265038149176e-16
3,5,You are a clever merchant,0.3,0.3,0.3,0.0,1.584962500721156,0.0,3.2034265038149176e-16
3,6,You are a talented summarizer with excellent synthesis abilities,0.3,0.3,0.3,0.0,1.584962500721156,0.0,3.2034265038149176e-16
4,1,You are an excellent judge with strong critical thinking skills,0.3,0.3,0.4,0.002222222222222224,1.570950594454669,0.06666666666666672,0.01401190626648767
4,2,You are a knowledgeable and caring doctor,0.3,0.3,0.4,0.002222222222222224,1.570950594454669,0.06666666666666672,0.01401190626648767
4,3,You are a practical engineer,0.3,0.3,0.4,0.002222222222222224,1.570950594454669,0.06666666666666672,0.01401190626648767
4,4,You are a precise lawyer,0.3,0.3,0.4,0.002222222222222224,1.570950594454669,0.06666666666666672,0.01401190626648767
4,5,You are a clever merchant,0.3,0.3,0.3,0.0,1.584962500721156,0.0,3.2034265038149176e-16
4,6,You are a talented summarizer with excellent synthesis abilities,0.3,0.3,0.4,0.002222222222222224,1.570950594454669,0.06666666666666672,0.01401190626648767
5,1,You are an excellent judge with strong critical thinking skills,0.3,0.3,0.4,0.002222222222222224,1.570950594454669,0.06666666666666672,0.01401190626648767
5,2,You are a knowledgeable and caring doctor,0.3,0.3,0.4,0.002222222222222224,1.570950594454669,0.06666666666666672,0.01401190626648767
5,3,You are a practical engineer,0.3,0.2,0.5,0.015555555555555553,1.4854752972273346,0.20000000000000004,0.0994872034938219
5,4,You are a precise lawyer,0.3,0.3,0.4,0.002222222222222224,1.570950594454669,0.06666666666666672,0.01401190626648767
5,5,You are a clever merchant,0.2,0.2,0.6,0.035555555555555556,1.370950594454669,0.2666666666666666,0.21401190626648764
5,6,You are a talented summarizer with excellent synthesis abilities,0.3,0.3,0.4,0.002222222222222224,1.570950594454669,0.06666666666666672,0.01401190626648767
7,1,You are an excellent judge with strong critical thinking skills,0.8,0.1,0.1,0.10888888888888888,0.9219280948873624,0.4666666666666666,0.663034405833794
7,2,You are a knowledgeable and caring doctor,1.0,0.0,0.0,0.22222222222222224,0.0,0.6666666666666666,1.5621882071887097
7,3,You are a practical engineer,0.8,0.1,0.1,0.10888888888888888,0.9219280948873624,0.4666666666666666,0.663034405833794
7,4,You are a precise lawyer,0.8,0.1,0.1,0.10888888888888888,0.9219280948873624,0.4666666666666666,0.663034405833794
7,5,You are a clever merchant,0.8,0.1,0.1,0.10888888888888888,0.9219280948873624,0.4666666666666666,0.663034405833794
7,6,You are a talented summarizer with excellent synthesis abilities,0.8,0.1,0.1,0.10888888888888888,0.9219280948873624,0.4666666666666666,0.663034405833794
8,1,You are an excellent judge with strong critical thinking skills,0.3,0.4,0.3,0.0022222222222222235,1.570950594454669,0.06666666666666672,0.01401190626648767
8,2,You are a knowledgeable and caring doctor,0.3,0.4,0.3,0.0022222222222222235,1.570950594454669,0.06666666666666672,0.01401190626648767
8,3,You are a practical engineer,0.3,0.4,0.3,0.0022222222222222235,1.570950594454669,0.06666666666666672,0.01401190626648767
8,4,You are a precise lawyer,0.3,0.4,0.3,0.0022222222222222235,1.570950594454669,0.06666666666666672,0.01401190626648767
8,5,You are a clever merchant,0.3,0.4,0.3,0.0022222222222222235,1.570950594454669,0.06666666666666672,0.01401190626648767
8,6,You are a talented summarizer with excellent synthesis abilities,0.3,0.4,0.3,0.0022222222222222235,1.570950594454669,0.06666666666666672,0.01401190626648767
9,1,You are an excellent judge with strong critical thinking skills,0.3,0.3,0.4,0.002222222222222224,1.570950594454669,0.06666666666666672,0.01401190626648767
9,2,You are a knowledgeable and caring doctor,0.3,0.3,0.4,0.002222222222222224,1.570950594454669,0.06666666666666672,0.01401190626648767
9,3,You are a practical engineer,0.3,0.3,0.4,0.002222222222222224,1.570950594454669,0.06666666666666672,0.01401190626648767
9,4,You are a precise lawyer,0.3,0.3,0.4,0.002222222222222224,1.570950594454669,0.06666666666666672,0.01401190626648767
9,5,You are a clever merchant,0.3,0.3,0.4,0.002222222222222224,1.570950594454669,0.06666666666666672,0.01401190626648767
9,6,You are a talented summarizer with excellent synthesis abilities,0.3,0.3,0.4,0.002222222222222224,1.570950594454669,0.06666666666666672,0.01401190626648767
10,1,You are an excellent judge with strong critical thinking skills,0.3,0.3,0.4,0.002222222222222224,1.570950594454669,0.06666666666666672,0.01401190626648767
10,2,You are a knowledgeable and caring doctor,0.3,0.2,0.5,0.015555555555555553,1.4854752972273346,0.20000000000000004,0.0994872034938219
10,3,You are a practical engineer,0.3,0.2,0.5,0.015555555555555553,1.4854752972273346,0.20000000000000004,0.0994872034938219
10,4,You are a precise lawyer,0.3,0.2,0.5,0.015555555555555553,1.4854752972273346,0.20000000000000004,0.0994872034938219
10,5,You are a clever merchant,0.3,0.2,0.5,0.015555555555555553,1.4854752972273346,0.20000000000000004,0.0994872034938219
10,6,You are a talented summarizer with excellent synthesis abilities,0.3,0.2,0.5,0.015555555555555553,1.4854752972273346,0.20000000000000004,0.0994872034938219
11,1,You are an excellent judge with strong critical thinking skills,0.3,0.3,0.3,0.0,1.584962500721156,0.0,3.2034265038149176e-16
11,2,You are a knowledgeable and caring doctor,0.3,0.3,0.3,0.0,1.584962500721156,0.0,3.2034265038149176e-16
11,3,You are a practical engineer,0.3,0.3,0.3,0.0,1.584962500721156,0.0,3.2034265038149176e-16
11,4,You are a precise lawyer,0.3,0.3,0.3,0.0,1.584962500721156,0.0,3.2034265038149176e-16
11,5,You are a clever merchant,0.3,0.3,0.4,0.002222222222222224,1.570950594454669,0.06666666666666672,0.01401190626648767
11,6,You are a talented summarizer with excellent synthesis abilities,0.3,0.3,0.4,0.002222222222222224,1.570950594454669,0.06666666666666672,0.01401190626648767
12,1,You are an excellent judge with strong critical thinking skills,0.3,0.3,0.3,0.0,1.584962500721156,0.0,3.2034265038149176e-16
12,2,You are a knowledgeable and caring doctor,0.3,0.3,0.3,0.0,1.584962500721156,0.0,3.2034265038149176e-16
12,3,You are a practical engineer,0.3,0.3,0.3,0.0,1.584962500721156,0.0,3.2034265038149176e-16
12,4,You are a precise lawyer,0.3,0.3,0.3,0.0,1.584962500721156,0.0,3.2034265038149176e-16
12,5,You are a clever merchant,0.3,0.4,0.3,0.0022222222222222235,1.570950594454669,0.06666666666666672,0.01401190626648767
12,6,You are a talented summarizer with excellent synthesis abilities,0.3,0.3,0.3,0.0,1.584962500721156,0.0,3.2034265038149176e-16
13,1,You are an excellent judge with strong critical thinking skills,0.3,0.3,0.4,0.002222222222222224,1.570950594454669,0.06666666666666672,0.01401190626648767
13,2,You are a knowledgeable and caring doctor,0.3,0.3,0.4,0.002222222222222224,1.570950594454669,0.06666666666666672,0.01401190626648767
13,3,You are a practical engineer,0.3,0.3,0.4,0.002222222222222224,1.570950594454669,0.06666666666666672,0.01401190626648767
13,4,You are a precise lawyer,0.3,0.3,0.3,0.0,1.584962500721156,0.0,3.2034265038149176e-16
13,5,You are a clever merchant,0.3,0.3,0.4,0.002222222222222224,1.570950594454669,0.06666666666666672,0.01401190626648767
13,6,You are a talented summarizer with excellent synthesis abilities,0.3,0.3,0.4,0.002222222222222224,1.570950594454669,0.06666666666666672,0.01401190626648767
14,1,You are an excellent judge with strong critical thinking skills,0.3,0.4,0.3,0.0022222222222222235,1.570950594454669,0.06666666666666672,0.01401190626648767
14,2,You are a knowledgeable and caring doctor,0.3,0.4,0.3,0.0022222222222222235,1.570950594454669,0.06666666666666672,0.01401190626648767
14,3,You are a practical engineer,0.3,0.4,0.3,0.0022222222222222235,1.570950594454669,0.06666666666666672,0.01401190626648767
14,4,You are a precise lawyer,0.3,0.4,0.3,0.0022222222222222235,1.570950594454669,0.06666666666666672,0.01401190626648767
14,5,You are a clever merchant,0.3,0.4,0.3,0.0022222222222222235,1.570950594454669,0.06666666666666672,0.01401190626648767
14,6,You are a talented summarizer with excellent synthesis abilities,0.3,0.4,0.3,0.0022222222222222235,1.570950594454669,0.06666666666666672,0.01401190626648767
15,1,You are an excellent judge with strong critical thinking skills,0.3,0.4,0.3,0.0022222222222222235,1.570950594454669,0.06666666666666672,0.01401190626648767
15,2,You are a knowledgeable and caring doctor,0.3,0.4,0.3,0.0022222222222222235,1.570950594454669,0.06666666666666672,0.01401190626648767
15,3,You are a practical engineer,0.3,0.4,0.3,0.0022222222222222235,1.570950594454669,0.06666666666666672,0.01401190626648767
15,4,You are a precise lawyer,0.3,0.4,0.3,0.0022222222222222235,1.570950594454669,0.06666666666666672,0.01401190626648767
15,5,You are a clever merchant,0.1,0.8,0.1,0.10888888888888888,0.9219280948873624,0.4666666666666666,0.663034405833794
15,6,You are a talented summarizer with excellent synthesis abilities,0.3,0.4,0.3,0.0022222222222222235,1.570950594454669,0.06666666666666672,0.01401190626648767
16,1,You are an excellent judge with strong critical thinking skills,0.3,0.3,0.4,0.002222222222222224,1.570950594454669,0.06666666666666672,0.01401190626648767
16,2,You are a knowledgeable and caring doctor,0.3,0.2,0.5,0.015555555555555553,1.4854752972273346,0.20000000000000004,0.0994872034938219
16,3,You are a practical engineer,0.4,0.1,0.5,0.02888888888888889,1.3609640474436813,0.2666666666666666,0.22399845327747514
16,4,You are a precise lawyer,0.3,0.3,0.4,0.002222222222222224,1.570950594454669,0.06666666666666672,0.01401190626648767
16,5,You are a clever merchant,0.4,0.3,0.3,0.0022222222222222235,1.570950594454669,0.06666666666666672,0.01401190626648767
16,6,You are a talented summarizer with excellent synthesis abilities,0.3,0.2,0.5,0.015555555555555553,1.4854752972273346,0.20000000000000004,0.0994872034938219
18,1,You are an excellent judge with strong critical thinking skills,0.3,0.3,0.3,0.0,1.584962500721156,0.0,3.2034265038149176e-16
18,2,You are a knowledgeable and caring doctor,0.3,0.3,0.3,0.0,1.584962500721156,0.0,3.2034265038149176e-16
18,3,You are a practical engineer,0.3,0.3,0.3,0.0,1.584962500721156,0.0,3.2034265038149176e-16
18,4,You are a precise lawyer,0.3,0.3,0.3,0.0,1.584962500721156,0.0,3.2034265038149176e-16
18,5,You are a clever merchant,0.2,0.4,0.4,0.008888888888888889,1.5219280948873626,0.1333333333333333,0.06303440583379405
18,6,You are a talented summarizer with excellent synthesis abilities,0.3,0.3,0.3,0.0,1.584962500721156,0.0,3.2034265038149176e-16
19,1,You are an excellent judge with strong critical thinking skills,0.3,0.3,0.4,0.002222222222222224,1.570950594454669,0.06666666666666672,0.01401190626648767
19,2,You are a knowledgeable and caring doctor,0.0,0.1,0.9,0.16222222222222218,0.46899559358928117,0.6,1.1050376315682855
19,3,You are a practical engineer,0.0,0.2,0.8,0.11555555555555558,0.7219280948873623,0.5333333333333333,0.8523578100916809
19,4,You are a precise lawyer,0.0,0.1,0.9,0.16222222222222218,0.46899559358928117,0.6,1.1050376315682855
19,5,You are a clever merchant,0.0,0.2,0.8,0.11555555555555558,0.7219280948873623,0.5333333333333333,0.8523578100916809
19,6,You are a talented summarizer with excellent synthesis abilities,0.0,0.2,0.8,0.11555555555555558,0.7219280948873623,0.5333333333333333,0.8523578100916809
21,1,You are an excellent judge with strong critical thinking skills,0.3,0.4,0.3,0.0022222222222222235,1.570950594454669,0.06666666666666672,0.01401190626648767
21,2,You are a knowledgeable and caring doctor,0.3,0.4,0.3,0.0022222222222222235,1.570950594454669,0.06666666666666672,0.01401190626648767
21,3,You are a practical engineer,0.3,0.4,0.3,0.0022222222222222235,1.570950594454669,0.06666666666666672,0.01401190626648767
21,4,You are a precise lawyer,0.3,0.4,0.3,0.0022222222222222235,1.570950594454669,0.06666666666666672,0.01401190626648767
21,5,You are a clever merchant,0.3,0.4,0.3,0.0022222222222222235,1.570950594454669,0.06666666666666672,0.01401190626648767
21,6,You are a talented summarizer with excellent synthesis abilities,0.3,0.4,0.3,0.0022222222222222235,1.570950594454669,0.06666666666666672,0.01401190626648767
23,1,You are an excellent judge with strong critical thinking skills,0.3,0.3,0.4,0.002222222222222224,1.570950594454669,0.06666666666666672,0.01401190626648767
23,2,You are a knowledgeable and caring doctor,0.3,0.3,0.4,0.002222222222222224,1.570950594454669,0.06666666666666672,0.01401190626648767
23,3,You are a practical engineer,0.3,0.3,0.4,0.002222222222222224,1.570950594454669,0.06666666666666672,0.01401190626648767
23,4,You are a precise lawyer,0.3,0.3,0.4,0.002222222222222224,1.570950594454669,0.06666666666666672,0.01401190626648767
23,5,You are a clever merchant,0.3,0.3,0.4,0.002222222222222224,1.570950594454669,0.06666666666666672,0.01401190626648767
23,6,You are a talented summarizer with excellent synthesis abilities,0.3,0.3,0.4,0.002222222222222224,1.570950594454669,0.06666666666666672,0.01401190626648767
24,1,You are an excellent judge with strong critical thinking skills,0.3,0.3,0.3,0.0,1.584962500721156,0.0,3.2034265038149176e-16
24,2,You are a knowledgeable and caring doctor,0.3,0.3,0.3,0.0,1.584962500721156,0.0,3.2034265038149176e-16
24,3,You are a practical engineer,0.3,0.3,0.3,0.0,1.584962500721156,0.0,3.2034265038149176e-16
24,4,You are a precise lawyer,0.3,0.3,0.3,0.0,1.584962500721156,0.0,3.2034265038149176e-16
24,5,You are a clever merchant,0.3,0.4,0.3,0.0022222222222222235,1.570950594454669,0.06666666666666672,0.01401190626648767
24,6,You are a talented summarizer with excellent synthesis abilities,0.3,0.4,0.3,0.0022222222222222235,1.570950594454669,0.06666666666666672,0.01401190626648767
26,1,You are an excellent judge with strong critical thinking skills,0.3,0.3,0.3,0.0,1.584962500721156,0.0,3.2034265038149176e-16
26,2,You are a knowledgeable and caring doctor,0.3,0.3,0.4,0.002222222222222224,1.570950594454669,0.06666666666666672,0.01401190626648767
26,3,You are a practical engineer,0.3,0.3,0.4,0.002222222222222224,1.570950594454669,0.06666666666666672,0.01401190626648767
26,4,You are a precise lawyer,0.3,0.3,0.3,0.0,1.584962500721156,0.0,3.2034265038149176e-16
26,5,You are a clever merchant,0.3,0.3,0.4,0.002222222222222224,1.570950594454669,0.06666666666666672,0.01401190626648767
26,6,You are a talented summarizer with excellent synthesis abilities,0.3,0.3,0.4,0.002222222222222224,1.570950594454669,0.06666666666666672,0.01401190626648767
27,1,You are an excellent judge with strong critical thinking skills,0.3,0.3,0.3,0.0,1.584962500721156,0.0,3.2034265038149176e-16
27,2,You are a knowledgeable and caring doctor,0.3,0.3,0.3,0.0,1.584962500721156,0.0,3.2034265038149176e-16
27,3,You are a practical engineer,0.3,0.3,0.3,0.0,1.584962500721156,0.0,3.2034265038149176e-16
27,4,You are a precise lawyer,0.3,0.3,0.3,0.0,1.584962500721156,0.0,3.2034265038149176e-16
27,5,You are a clever merchant,0.3,0.3,0.3,0.0,1.584962500721156,0.0,3.2034265038149176e-16
27,6,You are a talented summarizer with excellent synthesis abilities,0.3,0.3,0.3,0.0,1.584962500721156,0.0,3.2034265038149176e-16
28,1,You are an excellent judge with strong critical thinking skills,0.3,0.3,0.4,0.002222222222222224,1.570950594454669,0.06666666666666672,0.01401190626648767
28,2,You are a knowledgeable and caring doctor,0.3,0.3,0.3,0.0,1.584962500721156,0.0,3.2034265038149176e-16
28,3,You are a practical engineer,0.3,0.3,0.3,0.0,1.584962500721156,0.0,3.2034265038149176e-16
28,4,You are a precise lawyer,0.3,0.3,0.4,0.002222222222222224,1.570950594454669,0.06666666666666672,0.01401190626648767
28,5,You are a clever merchant,0.3,0.4,0.3,0.0022222222222222235,1.570950594454669,0.06666666666666672,0.01401190626648767
28,6,You are a talented summarizer with excellent synthesis abilities,0.3,0.4,0.3,0.0022222222222222235,1.570950594454669,0.06666666666666672,0.01401190626648767
29,1,You are an excellent judge with strong critical thinking skills,0.3,0.3,0.3,0.0,1.584962500721156,0.0,3.2034265038149176e-16
29,2,You are a knowledgeable and caring doctor,0.3,0.3,0.3,0.0,1.584962500721156,0.0,3.2034265038149176e-16
29,3,You are a practical engineer,0.3,0.3,0.3,0.0,1.584962500721156,0.0,3.2034265038149176e-16
29,4,You are a precise lawyer,0.3,0.3,0.3,0.0,1.584962500721156,0.0,3.2034265038149176e-16
29,5,You are a clever merchant,0.3,0.4,0.3,0.0022222222222222235,1.570950594454669,0.06666666666666672,0.01401190626648767
29,6,You are a talented summarizer with excellent synthesis abilities,0.3,0.3,0.3,0.0,1.584962500721156,0.0,3.2034265038149176e-16
30,1,You are an excellent judge with strong critical thinking skills,0.3,0.4,0.3,0.0022222222222222235,1.570950594454669,0.06666666666666672,0.01401190626648767
30,2,You are a knowledgeable and caring doctor,0.3,0.4,0.3,0.0022222222222222235,1.570950594454669,0.06666666666666672,0.01401190626648767
30,3,You are a practical engineer,0.3,0.3,0.4,0.002222222222222224,1.570950594454669,0.06666666666666672,0.01401190626648767
30,4,You are a precise lawyer,0.3,0.4,0.3,0.0022222222222222235,1.570950594454669,0.06666666666666672,0.01401190626648767
30,5,You are a clever merchant,0.3,0.3,0.4,0.002222222222222224,1.570950594454669,0.06666666666666672,0.01401190626648767
30,6,You are a talented summarizer with excellent synthesis abilities,0.3,0.2,0.5,0.015555555555555553,1.4854752972273346,0.20000000000000004,0.0994872034938219
31,1,You are an excellent judge with strong critical thinking skills,0.3,0.3,0.4,0.002222222222222224,1.570950594454669,0.06666666666666672,0.01401190626648767
31,2,You are a knowledgeable and caring doctor,0.3,0.3,0.4,0.002222222222222224,1.570950594454669,0.06666666666666672,0.01401190626648767
31,3,You are a practical engineer,0.3,0.3,0.4,0.002222222222222224,1.570950594454669,0.06666666666666672,0.01401190626648767
31,4,You are a precise lawyer,0.3,0.3,0.4,0.002222222222222224,1.570950594454669,0.06666666666666672,0.01401190626648767
31,5,You are a clever merchant,0.3,0.3,0.4,0.002222222222222224,1.570950594454669,0.06666666666666672,0.01401190626648767
31,6,You are a talented summarizer with excellent synthesis abilities,0.3,0.3,0.4,0.002222222222222224,1.570950594454669,0.06666666666666672,0.01401190626648767
33,1,You are an excellent judge with strong critical thinking skills,0.6,0.3,0.1,0.04222222222222222,1.295461844238322,0.3333333333333333,0.28950065648283463
33,2,You are a knowledgeable and caring doctor,0.6,0.3,0.1,0.04222222222222222,1.295461844238322,0.3333333333333333,0.28950065648283463
33,3,You are a practical engineer,0.8,0.2,0.0,0.11555555555555558,0.7219280948873623,0.5333333333333333,0.8523578100916813
33,4,You are a precise lawyer,0.4,0.3,0.3,0.0022222222222222235,1.570950594454669,0.06666666666666672,0.01401190626648767
33,5,You are a clever merchant,0.7,0.3,0.0,0.08222222222222221,0.8812908992306927,0.4666666666666666,0.6931542093490934
33,6,You are a talented summarizer with excellent synthesis abilities,0.7,0.2,0.1,0.06888888888888887,1.1567796494470395,0.4000000000000001,0.4281828512741171
34,1,You are an excellent judge with strong critical thinking skills,0.3,0.4,0.3,0.0022222222222222235,1.570950594454669,0.06666666666666672,0.01401190626648767
34,2,You are a knowledgeable and caring doctor,0.3,0.4,0.3,0.0022222222222222235,1.570950594454669,0.06666666666666672,0.01401190626648767
34,3,You are a practical engineer,0.3,0.4,0.3,0.0022222222222222235,1.570950594454669,0.06666666666666672,0.01401190626648767
34,4,You are a precise lawyer,0.3,0.4,0.3,0.0022222222222222235,1.570950594454669,0.06666666666666672,0.01401190626648767
34,5,You are a clever merchant,0.3,0.6,0.1,0.04222222222222222,1.295461844238322,0.3333333333333333,0.28950065648283463
34,6,You are a talented summarizer with excellent synthesis abilities,0.3,0.5,0.2,0.015555555555555553,1.4854752972273346,0.20000000000000004,0.0994872034938219
36,1,You are an excellent judge with strong critical thinking skills,0.3,0.3,0.3,0.0,1.584962500721156,0.0,3.2034265038149176e-16
36,2,You are a knowledgeable and caring doctor,0.3,0.4,0.3,0.0022222222222222235,1.570950594454669,0.06666666666666672,0.01401190626648767
36,3,You are a practical engineer,0.3,0.3,0.3,0.0,1.584962500721156,0.0,3.2034265038149176e-16
36,4,You are a precise lawyer,0.3,0.3,0.3,0.0,1.584962500721156,0.0,3.2034265038149176e-16
36,5,You are a clever merchant,0.3,0.4,0.3,0.0022222222222222235,1.570950594454669,0.06666666666666672,0.01401190626648767
36,6,You are a talented summarizer with excellent synthesis abilities,0.3,0.4,0.3,0.0022222222222222235,1.570950594454669,0.06666666666666672,0.01401190626648767
37,1,You are an excellent judge with strong critical thinking skills,0.3,0.3,0.3,0.0,1.584962500721156,0.0,3.2034265038149176e-16
37,2,You are a knowledgeable and caring doctor,0.3,0.3,0.3,0.0,1.584962500721156,0.0,3.2034265038149176e-16
37,3,You are a practical engineer,0.3,0.3,0.3,0.0,1.584962500721156,0.0,3.2034265038149176e-16
37,4,You are a precise lawyer,0.3,0.3,0.3,0.0,1.584962500721156,0.0,3.2034265038149176e-16
37,5,You are a clever merchant,0.3,0.3,0.3,0.0,1.584962500721156,0.0,3.2034265038149176e-16
37,6,You are a talented summarizer with excellent synthesis abilities,0.3,0.4,0.3,0.0022222222222222235,1.570950594454669,0.06666666666666672,0.01401190626648767
40,1,You are an excellent judge with strong critical thinking skills,0.3,0.3,0.4,0.002222222222222224,1.570950594454669,0.06666666666666672,0.01401190626648767
40,2,You are a knowledgeable and caring doctor,0.3,0.3,0.4,0.002222222222222224,1.570950594454669,0.06666666666666672,0.01401190626648767
40,3,You are a practical engineer,0.3,0.3,0.4,0.002222222222222224,1.570950594454669,0.06666666666666672,0.01401190626648767
40,4,You are a precise lawyer,0.3,0.3,0.4,0.002222222222222224,1.570950594454669,0.06666666666666672,0.01401190626648767
40,5,You are a clever merchant,0.3,0.3,0.4,0.002222222222222224,1.570950594454669,0.06666666666666672,0.01401190626648767
40,6,You are a talented summarizer with excellent synthesis abilities,0.3,0.3,0.4,0.002222222222222224,1.570950594454669,0.06666666666666672,0.01401190626648767
41,1,You are an excellent judge with strong critical thinking skills,0.3,0.3,0.4,0.002222222222222224,1.570950594454669,0.06666666666666672,0.01401190626648767
41,2,You are a knowledgeable and caring doctor,0.3,0.3,0.4,0.002222222222222224,1.570950594454669,0.06666666666666672,0.01401190626648767
41,3,You are a practical engineer,0.3,0.3,0.4,0.002222222222222224,1.570950594454669,0.06666666666666672,0.01401190626648767
41,4,You are a precise lawyer,0.3,0.3,0.4,0.002222222222222224,1.570950594454669,0.06666666666666672,0.01401190626648767
41,5,You are a clever merchant,0.4,0.3,0.3,0.0022222222222222235,1.570950594454669,0.06666666666666672,0.01401190626648767
41,6,You are a talented summarizer with excellent synthesis abilities,0.3,0.3,0.4,0.002222222222222224,1.570950594454669,0.06666666666666672,0.01401190626648767
42,1,You are an excellent judge with strong critical thinking skills,0.3,0.3,0.4,0.002222222222222224,1.570950594454669,0.06666666666666672,0.01401190626648767
42,2,You are a knowledgeable and caring doctor,0.3,0.3,0.4,0.002222222222222224,1.570950594454669,0.06666666666666672,0.01401190626648767
42,3,You are a practical engineer,0.3,0.3,0.4,0.002222222222222224,1.570950594454669,0.06666666666666672,0.01401190626648767
42,4,You are a precise lawyer,0.3,0.3,0.4,0.002222222222222224,1.570950594454669,0.06666666666666672,0.01401190626648767
42,5,You are a clever merchant,0.3,0.3,0.4,0.002222222222222224,1.570950594454669,0.06666666666666672,0.01401190626648767
42,6,You are a talented summarizer with excellent synthesis abilities,0.3,0.3,0.4,0.002222222222222224,1.570950594454669,0.06666666666666672,0.01401190626648767
43,1,You are an excellent judge with strong critical thinking skills,0.3,0.3,0.4,0.002222222222222224,1.570950594454669,0.06666666666666672,0.01401190626648767
43,2,You are a knowledgeable and caring doctor,0.3,0.3,0.4,0.002222222222222224,1.570950594454669,0.06666666666666672,0.01401190626648767
43,3,You are a practical engineer,0.3,0.3,0.4,0.002222222222222224,1.570950594454669,0.06666666666666672,0.01401190626648767
43,4,You are a precise lawyer,0.3,0.3,0.4,0.002222222222222224,1.570950594454669,0.06666666666666672,0.01401190626648767
43,5,You are a clever merchant,0.4,0.3,0.3,0.0022222222222222235,1.570950594454669,0.06666666666666672,0.01401190626648767
43,6,You are a talented summarizer with excellent synthesis abilities,0.3,0.2,0.5,0.015555555555555553,1.4854752972273346,0.20000000000000004,0.0994872034938219
44,1,You are an excellent judge with strong critical thinking skills,0.3,0.3,0.4,0.002222222222222224,1.570950594454669,0.06666666666666672,0.01401190626648767
44,2,You are a knowledgeable and caring doctor,0.3,0.3,0.4,0.002222222222222224,1.570950594454669,0.06666666666666672,0.01401190626648767
44,3,You are a practical engineer,0.3,0.3,0.3,0.0,1.584962500721156,0.0,3.2034265038149176e-16
44,4,You are a precise lawyer,0.4,0.3,0.3,0.0022222222222222235,1.570950594454669,0.06666666666666672,0.01401190626648767
44,5,You are a clever merchant,0.3,0.4,0.3,0.0022222222222222235,1.570950594454669,0.06666666666666672,0.01401190626648767
44,6,You are a talented summarizer with excellent synthesis abilities,0.6,0.2,0.2,0.03555555555555555,1.370950594454669,0.2666666666666666,0.2140119062664876
47,1,You are an excellent judge with strong critical thinking skills,0.3,0.3,0.4,0.002222222222222224,1.570950594454669,0.06666666666666672,0.01401190626648767
47,2,You are a knowledgeable and caring doctor,0.3,0.3,0.3,0.0,1.584962500721156,0.0,3.2034265038149176e-16
47,3,You are a practical engineer,0.3,0.3,0.3,0.0,1.584962500721156,0.0,3.2034265038149176e-16
47,4,You are a precise lawyer,0.3,0.3,0.3,0.0,1.584962500721156,0.0,3.2034265038149176e-16
47,5,You are a clever merchant,0.3,0.3,0.3,0.0,1.584962500721156,0.0,3.2034265038149176e-16
47,6,You are a talented summarizer with excellent synthesis abilities,0.3,0.3,0.3,0.0,1.584962500721156,0.0,3.2034265038149176e-16
48,1,You are an excellent judge with strong critical thinking skills,0.3,0.4,0.3,0.0022222222222222235,1.570950594454669,0.06666666666666672,0.01401190626648767
48,2,You are a knowledgeable and caring doctor,0.3,0.4,0.3,0.0022222222222222235,1.570950594454669,0.06666666666666672,0.01401190626648767
48,3,You are a practical engineer,0.3,0.4,0.3,0.0022222222222222235,1.570950594454669,0.06666666666666672,0.01401190626648767
48,4,You are a precise lawyer,0.3,0.3,0.3,0.0,1.584962500721156,0.0,3.2034265038149176e-16
48,5,You are a clever merchant,0.3,0.4,0.3,0.0022222222222222235,1.570950594454669,0.06666666666666672,0.01401190626648767
48,6,You are a talented summarizer with excellent synthesis abilities,0.3,0.4,0.3,0.0022222222222222235,1.570950594454669,0.06666666666666672,0.01401190626648767
52,1,You are an excellent judge with strong critical thinking skills,0.3,0.3,0.3,0.0,1.584962500721156,0.0,3.2034265038149176e-16
52,2,You are a knowledgeable and caring doctor,0.3,0.3,0.3,0.0,1.584962500721156,0.0,3.2034265038149176e-16
52,3,You are a practical engineer,0.3,0.3,0.3,0.0,1.584962500721156,0.0,3.2034265038149176e-16
52,4,You are a precise lawyer,0.3,0.3,0.3,0.0,1.584962500721156,0.0,3.2034265038149176e-16
52,5,You are a clever merchant,0.3,0.3,0.3,0.0,1.584962500721156,0.0,3.2034265038149176e-16
52,6,You are a talented summarizer with excellent synthesis abilities,0.3,0.4,0.3,0.0022222222222222235,1.570950594454669,0.06666666666666672,0.01401190626648767
54,1,You are an excellent judge with strong critical thinking skills,0.3,0.3,0.3,0.0,1.584962500721156,0.0,3.2034265038149176e-16
54,2,You are a knowledgeable and caring doctor,0.3,0.3,0.3,0.0,1.584962500721156,0.0,3.2034265038149176e-16
54,3,You are a practical engineer,0.3,0.3,0.3,0.0,1.584962500721156,0.0,3.2034265038149176e-16
54,4,You are a precise lawyer,0.3,0.3,0.3,0.0,1.584962500721156,0.0,3.2034265038149176e-16
54,5,You are a clever merchant,0.3,0.3,0.4,0.002222222222222224,1.570950594454669,0.06666666666666672,0.01401190626648767
54,6,You are a talented summarizer with excellent synthesis abilities,0.3,0.3,0.4,0.002222222222222224,1.570950594454669,0.06666666666666672,0.01401190626648767
55,1,You are an excellent judge with strong critical thinking skills,0.3,0.3,0.4,0.002222222222222224,1.570950594454669,0.06666666666666672,0.01401190626648767
55,2,You are a knowledgeable and caring doctor,0.3,0.3,0.4,0.002222222222222224,1.570950594454669,0.06666666666666672,0.01401190626648767
55,3,You are a practical engineer,0.3,0.3,0.4,0.002222222222222224,1.570950594454669,0.06666666666666672,0.01401190626648767
55,4,You are a precise lawyer,0.3,0.3,0.4,0.002222222222222224,1.570950594454669,0.06666666666666672,0.01401190626648767
55,5,You are a clever merchant,0.3,0.3,0.4,0.002222222222222224,1.570950594454669,0.06666666666666672,0.01401190626648767
55,6,You are a talented summarizer with excellent synthesis abilities,0.3,0.3,0.4,0.002222222222222224,1.570950594454669,0.06666666666666672,0.01401190626648767
56,1,You are an excellent judge with strong critical thinking skills,0.3,0.3,0.4,0.002222222222222224,1.570950594454669,0.06666666666666672,0.01401190626648767
56,2,You are a knowledgeable and caring doctor,0.3,0.3,0.4,0.002222222222222224,1.570950594454669,0.06666666666666672,0.01401190626648767
56,3,You are a practical engineer,0.3,0.3,0.4,0.002222222222222224,1.570950594454669,0.06666666666666672,0.01401190626648767
56,4,You are a precise lawyer,0.3,0.3,0.4,0.002222222222222224,1.570950594454669,0.06666666666666672,0.01401190626648767
56,5,You are a clever merchant,0.3,0.3,0.4,0.002222222222222224,1.570950594454669,0.06666666666666672,0.01401190626648767
56,6,You are a talented summarizer with excellent synthesis abilities,0.3,0.3,0.4,0.002222222222222224,1.570950594454669,0.06666666666666672,0.01401190626648767
59,1,You are an excellent judge with strong critical thinking skills,0.3,0.3,0.4,0.002222222222222224,1.570950594454669,0.06666666666666672,0.01401190626648767
59,2,You are a knowledgeable and caring doctor,0.3,0.3,0.4,0.002222222222222224,1.570950594454669,0.06666666666666672,0.01401190626648767
59,3,You are a practical engineer,0.3,0.3,0.4,0.002222222222222224,1.570950594454669,0.06666666666666672,0.01401190626648767
59,4,You are a precise lawyer,0.3,0.3,0.3,0.0,1.584962500721156,0.0,3.2034265038149176e-16
59,5,You are a clever merchant,0.3,0.3,0.4,0.002222222222222224,1.570950594454669,0.06666666666666672,0.01401190626648767
59,6,You are a talented summarizer with excellent synthesis abilities,0.3,0.3,0.4,0.002222222222222224,1.570950594454669,0.06666666666666672,0.01401190626648767
60,1,You are an excellent judge with strong critical thinking skills,0.3,0.4,0.3,0.0022222222222222235,1.570950594454669,0.06666666666666672,0.01401190626648767
60,2,You are a knowledgeable and caring doctor,0.3,0.4,0.3,0.0022222222222222235,1.570950594454669,0.06666666666666672,0.01401190626648767
60,3,You are a practical engineer,0.3,0.4,0.3,0.0022222222222222235,1.570950594454669,0.06666666666666672,0.01401190626648767
60,4,You are a precise lawyer,0.3,0.4,0.3,0.0022222222222222235,1.570950594454669,0.06666666666666672,0.01401190626648767
60,5,You are a clever merchant,0.3,0.6,0.1,0.04222222222222222,1.295461844238322,0.3333333333333333,0.28950065648283463
60,6,You are a talented summarizer with excellent synthesis abilities,0.3,0.5,0.2,0.015555555555555553,1.4854752972273346,0.20000000000000004,0.0994872034938219
61,1,You are an excellent judge with strong critical thinking skills,0.3,0.3,0.4,0.002222222222222224,1.570950594454669,0.06666666666666672,0.01401190626648767
61,2,You are a knowledgeable and caring doctor,0.3,0.3,0.4,0.002222222222222224,1.570950594454669,0.06666666666666672,0.01401190626648767
61,3,You are a practical engineer,0.3,0.3,0.4,0.002222222222222224,1.570950594454669,0.06666666666666672,0.01401190626648767
61,4,You are a precise lawyer,0.3,0.3,0.3,0.0,1.584962500721156,0.0,3.2034265038149176e-16
61,5,You are a clever merchant,0.3,0.3,0.4,0.002222222222222224,1.570950594454669,0.06666666666666672,0.01401190626648767
61,6,You are a talented summarizer with excellent synthesis abilities,0.3,0.3,0.4,0.002222222222222224,1.570950594454669,0.06666666666666672,0.01401190626648767
62,1,You are an excellent judge with strong critical thinking skills,0.3,0.3,0.4,0.002222222222222224,1.570950594454669,0.06666666666666672,0.01401190626648767
62,2,You are a knowledgeable and caring doctor,0.3,0.4,0.3,0.0022222222222222235,1.570950594454669,0.06666666666666672,0.01401190626648767
62,3,You are a practical engineer,0.3,0.3,0.3,0.0,1.584962500721156,0.0,3.2034265038149176e-16
62,4,You are a precise lawyer,0.3,0.3,0.3,0.0,1.584962500721156,0.0,3.2034265038149176e-16
62,5,You are a clever merchant,0.3,0.4,0.3,0.0022222222222222235,1.570950594454669,0.06666666666666672,0.01401190626648767
62,6,You are a talented summarizer with excellent synthesis abilities,0.3,0.4,0.3,0.0022222222222222235,1.570950594454669,0.06666666666666672,0.01401190626648767
64,1,You are an excellent judge with strong critical thinking skills,0.3,0.3,0.3,0.0,1.584962500721156,0.0,3.2034265038149176e-16
64,2,You are a knowledgeable and caring doctor,0.3,0.3,0.4,0.002222222222222224,1.570950594454669,0.06666666666666672,0.01401190626648767
64,3,You are a practical engineer,0.3,0.3,0.3,0.0,1.584962500721156,0.0,3.2034265038149176e-16
64,4,You are a precise lawyer,0.3,0.3,0.3,0.0,1.584962500721156,0.0,3.2034265038149176e-16
64,5,You are a clever merchant,0.3,0.3,0.3,0.0,1.584962500721156,0.0,3.2034265038149176e-16
64,6,You are a talented summarizer with excellent synthesis abilities,0.3,0.4,0.3,0.0022222222222222235,1.570950594454669,0.06666666666666672,0.01401190626648767
65,1,You are an excellent judge with strong critical thinking skills,0.3,0.2,0.5,0.015555555555555553,1.4854752972273346,0.20000000000000004,0.0994872034938219
65,2,You are a knowledgeable and caring doctor,0.3,0.2,0.5,0.015555555555555553,1.4854752972273346,0.20000000000000004,0.0994872034938219
65,3,You are a practical engineer,0.3,0.2,0.5,0.015555555555555553,1.4854752972273346,0.20000000000000004,0.0994872034938219
65,4,You are a precise lawyer,0.3,0.1,0.6,0.04222222222222222,1.2954618442383217,0.3333333333333333,0.2895006564828345
65,5,You are a clever merchant,0.4,0.1,0.5,0.02888888888888889,1.3609640474436813,0.2666666666666666,0.22399845327747514
65,6,You are a talented summarizer with excellent synthesis abilities,0.3,0.2,0.5,0.015555555555555553,1.4854752972273346,0.20000000000000004,0.0994872034938219
66,1,You are an excellent judge with strong critical thinking skills,0.3,0.3,0.4,0.002222222222222224,1.570950594454669,0.06666666666666672,0.01401190626648767
66,2,You are a knowledgeable and caring doctor,0.3,0.3,0.4,0.002222222222222224,1.570950594454669,0.06666666666666672,0.01401190626648767
66,3,You are a practical engineer,0.3,0.3,0.4,0.002222222222222224,1.570950594454669,0.06666666666666672,0.01401190626648767
66,4,You are a precise lawyer,0.3,0.3,0.4,0.002222222222222224,1.570950594454669,0.06666666666666672,0.01401190626648767
66,5,You are a clever merchant,0.2,0.3,0.5,0.015555555555555553,1.4854752972273346,0.20000000000000004,0.0994872034938219
66,6,You are a talented summarizer with excellent synthesis abilities,0.3,0.3,0.4,0.002222222222222224,1.570950594454669,0.06666666666666672,0.01401190626648767
67,1,You are an excellent judge with strong critical thinking skills,0.3,0.3,0.3,0.0,1.584962500721156,0.0,3.2034265038149176e-16
67,2,You are a knowledgeable and caring doctor,0.3,0.3,0.3,0.0,1.584962500721156,0.0,3.2034265038149176e-16
67,3,You are a practical engineer,0.3,0.3,0.4,0.002222222222222224,1.570950594454669,0.06666666666666672,0.01401190626648767
67,4,You are a precise lawyer,0.3,0.3,0.4,0.002222222222222224,1.570950594454669,0.06666666666666672,0.01401190626648767
67,5,You are a clever merchant,0.3,0.3,0.4,0.002222222222222224,1.570950594454669,0.06666666666666672,0.01401190626648767
67,6,You are a talented summarizer with excellent synthesis abilities,0.3,0.3,0.4,0.002222222222222224,1.570950594454669,0.06666666666666672,0.01401190626648767
70,1,You are an excellent judge with strong critical thinking skills,0.3,0.3,0.4,0.002222222222222224,1.570950594454669,0.06666666666666672,0.01401190626648767
70,2,You are a knowledgeable and caring doctor,0.3,0.2,0.5,0.015555555555555553,1.4854752972273346,0.20000000000000004,0.0994872034938219
70,3,You are a practical engineer,0.3,0.2,0.5,0.015555555555555553,1.4854752972273346,0.20000000000000004,0.0994872034938219
70,4,You are a precise lawyer,0.4,0.3,0.3,0.0022222222222222235,1.570950594454669,0.06666666666666672,0.01401190626648767
70,5,You are a clever merchant,0.3,0.2,0.5,0.015555555555555553,1.4854752972273346,0.20000000000000004,0.0994872034938219
70,6,You are a talented summarizer with excellent synthesis abilities,0.3,0.2,0.5,0.015555555555555553,1.4854752972273346,0.20000000000000004,0.0994872034938219
71,1,You are an excellent judge with strong critical thinking skills,0.0,0.0,1.0,0.22222222222222224,0.0,0.6666666666666666,1.5621882071887094
71,2,You are a knowledgeable and caring doctor,0.0,0.0,1.0,0.22222222222222224,0.0,0.6666666666666666,1.5621882071887094
71,3,You are a practical engineer,0.0,0.0,1.0,0.22222222222222224,0.0,0.6666666666666666,1.5621882071887094
71,4,You are a precise lawyer,0.0,0.0,1.0,0.22222222222222224,0.0,0.6666666666666666,1.5621882071887094
71,5,You are a clever merchant,0.0,0.0,1.0,0.22222222222222224,0.0,0.6666666666666666,1.5621882071887094
71,6,You are a talented summarizer with excellent synthesis abilities,0.0,0.0,1.0,0.22222222222222224,0.0,0.6666666666666666,1.5621882071887094
72,1,You are an excellent judge with strong critical thinking skills,0.3,0.3,0.4,0.002222222222222224,1.570950594454669,0.06666666666666672,0.01401190626648767
72,2,You are a knowledgeable and caring doctor,0.3,0.3,0.4,0.002222222222222224,1.570950594454669,0.06666666666666672,0.01401190626648767
72,3,You are a practical engineer,0.3,0.3,0.4,0.002222222222222224,1.570950594454669,0.06666666666666672,0.01401190626648767
72,4,You are a precise lawyer,0.3,0.3,0.4,0.002222222222222224,1.570950594454669,0.06666666666666672,0.01401190626648767
72,5,You are a clever merchant,0.3,0.3,0.4,0.002222222222222224,1.570950594454669,0.06666666666666672,0.01401190626648767
72,6,You are a talented summarizer with excellent synthesis abilities,0.3,0.3,0.4,0.002222222222222224,1.570950594454669,0.06666666666666672,0.01401190626648767
73,1,You are an excellent judge with strong critical thinking skills,0.3,0.3,0.4,0.002222222222222224,1.570950594454669,0.06666666666666672,0.01401190626648767
73,2,You are a knowledgeable and caring doctor,0.3,0.3,0.4,0.002222222222222224,1.570950594454669,0.06666666666666672,0.01401190626648767
73,3,You are a practical engineer,0.3,0.3,0.4,0.002222222222222224,1.570950594454669,0.06666666666666672,0.01401190626648767
73,4,You are a precise lawyer,0.3,0.3,0.3,0.0,1.584962500721156,0.0,3.2034265038149176e-16
73,5,You are a clever merchant,0.3,0.3,0.4,0.002222222222222224,1.570950594454669,0.06666666666666672,0.01401190626648767
73,6,You are a talented summarizer with excellent synthesis abilities,0.3,0.3,0.4,0.002222222222222224,1.570950594454669,0.06666666666666672,0.01401190626648767
74,1,You are an excellent judge with strong critical thinking skills,0.3,0.3,0.4,0.002222222222222224,1.570950594454669,0.06666666666666672,0.01401190626648767
74,2,You are a knowledgeable and caring doctor,0.3,0.4,0.3,0.0022222222222222235,1.570950594454669,0.06666666666666672,0.01401190626648767
74,3,You are a practical engineer,0.3,0.4,0.3,0.0022222222222222235,1.570950594454669,0.06666666666666672,0.01401190626648767
74,4,You are a precise lawyer,0.3,0.3,0.4,0.002222222222222224,1.570950594454669,0.06666666666666672,0.01401190626648767
74,5,You are a clever merchant,0.4,0.3,0.3,0.0022222222222222235,1.570950594454669,0.06666666666666672,0.01401190626648767
74,6,You are a talented summarizer with excellent synthesis abilities,0.3,0.3,0.3,0.0,1.584962500721156,0.0,3.2034265038149176e-16
75,1,You are an excellent judge with strong critical thinking skills,0.3,0.0,0.7,0.08222222222222221,0.8812908992306927,0.4666666666666666,0.6931542093490934
75,2,You are a knowledgeable and caring doctor,0.4,0.0,0.6,0.062222222222222213,0.9709505944546688,0.4000000000000001,0.6035840842502163
75,3,You are a practical engineer,0.3,0.0,0.7,0.08222222222222221,0.8812908992306927,0.4666666666666666,0.6931542093490934
75,4,You are a precise lawyer,0.4,0.0,0.6,0.062222222222222213,0.9709505944546688,0.4000000000000001,0.6035840842502163
75,5,You are a clever merchant,0.3,0.0,0.7,0.08222222222222221,0.8812908992306927,0.4666666666666666,0.6931542093490934
75,6,You are a talented summarizer with excellent synthesis abilities,0.3,0.0,0.7,0.08222222222222221,0.8812908992306927,0.4666666666666666,0.6931542093490934
76,1,You are an excellent judge with strong critical thinking skills,0.3,0.3,0.4,0.002222222222222224,1.570950594454669,0.06666666666666672,0.01401190626648767
76,2,You are a knowledgeable and caring doctor,0.3,0.3,0.4,0.002222222222222224,1.570950594454669,0.06666666666666672,0.01401190626648767
76,3,You are a practical engineer,0.3,0.3,0.4,0.002222222222222224,1.570950594454669,0.06666666666666672,0.01401190626648767
76,4,You are a precise lawyer,0.3,0.3,0.3,0.0,1.584962500721156,0.0,3.2034265038149176e-16
76,5,You are a clever merchant,0.3,0.2,0.5,0.015555555555555553,1.4854752972273346,0.20000000000000004,0.0994872034938219
76,6,You are a talented summarizer with excellent synthesis abilities,0.3,0.2,0.5,0.015555555555555553,1.4854752972273346,0.20000000000000004,0.0994872034938219
77,1,You are an excellent judge with strong critical thinking skills,0.3,0.3,0.4,0.002222222222222224,1.570950594454669,0.06666666666666672,0.01401190626648767
77,2,You are a knowledgeable and caring doctor,0.3,0.3,0.4,0.002222222222222224,1.570950594454669,0.06666666666666672,0.01401190626648767
77,3,You are a practical engineer,0.3,0.3,0.4,0.002222222222222224,1.570950594454669,0.06666666666666672,0.01401190626648767
77,4,You are a precise lawyer,0.3,0.3,0.4,0.002222222222222224,1.570950594454669,0.06666666666666672,0.01401190626648767
77,5,You are a clever merchant,0.3,0.3,0.4,0.002222222222222224,1.570950594454669,0.06666666666666672,0.01401190626648767
77,6,You are a talented summarizer with excellent synthesis abilities,0.3,0.3,0.4,0.002222222222222224,1.570950594454669,0.06666666666666672,0.01401190626648767
78,1,You are an excellent judge with strong critical thinking skills,0.3,0.3,0.4,0.002222222222222224,1.570950594454669,0.06666666666666672,0.01401190626648767
78,2,You are a knowledgeable and caring doctor,0.3,0.4,0.3,0.0022222222222222235,1.570950594454669,0.06666666666666672,0.01401190626648767
78,3,You are a practical engineer,0.2,0.4,0.4,0.008888888888888889,1.5219280948873626,0.1333333333333333,0.06303440583379405
78,4,You are a precise lawyer,0.3,0.3,0.4,0.002222222222222224,1.570950594454669,0.06666666666666672,0.01401190626648767
78,5,You are a clever merchant,0.3,0.4,0.3,0.0022222222222222235,1.570950594454669,0.06666666666666672,0.01401190626648767
78,6,You are a talented summarizer with excellent synthesis abilities,0.2,0.4,0.4,0.008888888888888889,1.5219280948873626,0.1333333333333333,0.06303440583379405
80,1,You are an excellent judge with strong critical thinking skills,0.3,0.3,0.3,0.0,1.584962500721156,0.0,3.2034265038149176e-16
80,2,You are a knowledgeable and caring doctor,0.3,0.3,0.3,0.0,1.584962500721156,0.0,3.2034265038149176e-16
80,3,You are a practical engineer,0.3,0.3,0.3,0.0,1.584962500721156,0.0,3.2034265038149176e-16
80,4,You are a precise lawyer,0.3,0.3,0.3,0.0,1.584962500721156,0.0,3.2034265038149176e-16
80,5,You are a clever merchant,0.3,0.3,0.3,0.0,1.584962500721156,0.0,3.2034265038149176e-16
80,6,You are a talented summarizer with excellent synthesis abilities,0.3,0.4,0.3,0.0022222222222222235,1.570950594454669,0.06666666666666672,0.01401190626648767
81,1,You are an excellent judge with strong critical thinking skills,0.3,0.3,0.4,0.002222222222222224,1.570950594454669,0.06666666666666672,0.01401190626648767
81,2,You are a knowledgeable and caring doctor,0.3,0.3,0.4,0.002222222222222224,1.570950594454669,0.06666666666666672,0.01401190626648767
81,3,You are a practical engineer,0.3,0.3,0.4,0.002222222222222224,1.570950594454669,0.06666666666666672,0.01401190626648767
81,4,You are a precise lawyer,0.3,0.3,0.4,0.002222222222222224,1.570950594454669,0.06666666666666672,0.01401190626648767
81,5,You are a clever merchant,0.3,0.3,0.4,0.002222222222222224,1.570950594454669,0.06666666666666672,0.01401190626648767
81,6,You are a talented summarizer with excellent synthesis abilities,0.3,0.3,0.4,0.002222222222222224,1.570950594454669,0.06666666666666672,0.01401190626648767
82,1,You are an excellent judge with strong critical thinking skills,0.3,0.3,0.4,0.002222222222222224,1.570950594454669,0.06666666666666672,0.01401190626648767
82,2,You are a knowledgeable and caring doctor,0.3,0.3,0.4,0.002222222222222224,1.570950594454669,0.06666666666666672,0.01401190626648767
82,3,You are a practical engineer,0.3,0.3,0.4,0.002222222222222224,1.570950594454669,0.06666666666666672,0.01401190626648767
82,4,You are a precise lawyer,0.3,0.3,0.4,0.002222222222222224,1.570950594454669,0.06666666666666672,0.01401190626648767
82,5,You are a clever merchant,0.3,0.2,0.5,0.015555555555555553,1.4854752972273346,0.20000000000000004,0.0994872034938219
82,6,You are a talented summarizer with excellent synthesis abilities,0.3,0.1,0.6,0.04222222222222222,1.2954618442383217,0.3333333333333333,0.2895006564828345
83,1,You are an excellent judge with strong critical thinking skills,0.3,0.3,0.3,0.0,1.584962500721156,0.0,3.2034265038149176e-16
83,2,You are a knowledgeable and caring doctor,0.3,0.3,0.3,0.0,1.584962500721156,0.0,3.2034265038149176e-16
83,3,You are a practical engineer,0.3,0.3,0.3,0.0,1.584962500721156,0.0,3.2034265038149176e-16
83,4,You are a precise lawyer,0.3,0.3,0.3,0.0,1.584962500721156,0.0,3.2034265038149176e-16
83,5,You are a clever merchant,0.3,0.4,0.3,0.0022222222222222235,1.570950594454669,0.06666666666666672,0.01401190626648767
83,6,You are a talented summarizer with excellent synthesis abilities,0.3,0.3,0.3,0.0,1.584962500721156,0.0,3.2034265038149176e-16
84,1,You are an excellent judge with strong critical thinking skills,0.3,0.3,0.4,0.002222222222222224,1.570950594454669,0.06666666666666672,0.01401190626648767
84,2,You are a knowledgeable and caring doctor,0.3,0.3,0.4,0.002222222222222224,1.570950594454669,0.06666666666666672,0.01401190626648767
84,3,You are a practical engineer,0.3,0.3,0.4,0.002222222222222224,1.570950594454669,0.06666666666666672,0.01401190626648767
84,4,You are a precise lawyer,0.3,0.3,0.4,0.002222222222222224,1.570950594454669,0.06666666666666672,0.01401190626648767
84,5,You are a clever merchant,0.3,0.3,0.4,0.002222222222222224,1.570950594454669,0.06666666666666672,0.01401190626648767
84,6,You are a talented summarizer with excellent synthesis abilities,0.3,0.3,0.4,0.002222222222222224,1.570950594454669,0.06666666666666672,0.01401190626648767
87,1,You are an excellent judge with strong critical thinking skills,0.3,0.2,0.5,0.015555555555555553,1.4854752972273346,0.20000000000000004,0.0994872034938219
87,2,You are a knowledgeable and caring doctor,0.3,0.2,0.5,0.015555555555555553,1.4854752972273346,0.20000000000000004,0.0994872034938219
87,3,You are a practical engineer,0.3,0.2,0.5,0.015555555555555553,1.4854752972273346,0.20000000000000004,0.0994872034938219
87,4,You are a precise lawyer,0.3,0.1,0.6,0.04222222222222222,1.2954618442383217,0.3333333333333333,0.2895006564828345
87,5,You are a clever merchant,0.4,0.1,0.5,0.02888888888888889,1.3609640474436813,0.2666666666666666,0.22399845327747514
87,6,You are a talented summarizer with excellent synthesis abilities,0.3,0.1,0.6,0.04222222222222222,1.2954618442383217,0.3333333333333333,0.2895006564828345
89,1,You are an excellent judge with strong critical thinking skills,0.3,0.3,0.4,0.002222222222222224,1.570950594454669,0.06666666666666672,0.01401190626648767
89,2,You are a knowledgeable and caring doctor,0.3,0.3,0.4,0.002222222222222224,1.570950594454669,0.06666666666666672,0.01401190626648767
89,3,You are a practical engineer,0.3,0.3,0.4,0.002222222222222224,1.570950594454669,0.06666666666666672,0.01401190626648767
89,4,You are a precise lawyer,0.3,0.3,0.3,0.0,1.584962500721156,0.0,3.2034265038149176e-16
89,5,You are a clever merchant,0.3,0.3,0.4,0.002222222222222224,1.570950594454669,0.06666666666666672,0.01401190626648767
89,6,You are a talented summarizer with excellent synthesis abilities,0.3,0.3,0.4,0.002222222222222224,1.570950594454669,0.06666666666666672,0.01401190626648767
90,1,You are an excellent judge with strong critical thinking skills,0.3,0.3,0.4,0.002222222222222224,1.570950594454669,0.06666666666666672,0.01401190626648767
90,2,You are a knowledgeable and caring doctor,0.3,0.3,0.4,0.002222222222222224,1.570950594454669,0.06666666666666672,0.01401190626648767
90,3,You are a practical engineer,0.3,0.3,0.4,0.002222222222222224,1.570950594454669,0.06666666666666672,0.01401190626648767
90,4,You are a precise lawyer,0.3,0.3,0.3,0.0,1.584962500721156,0.0,3.2034265038149176e-16
90,5,You are a clever merchant,0.3,0.3,0.4,0.002222222222222224,1.570950594454669,0.06666666666666672,0.01401190626648767
90,6,You are a talented summarizer with excellent synthesis abilities,0.3,0.3,0.4,0.002222222222222224,1.570950594454669,0.06666666666666672,0.01401190626648767
92,1,You are an excellent judge with strong critical thinking skills,0.3,0.3,0.4,0.002222222222222224,1.570950594454669,0.06666666666666672,0.01401190626648767
92,2,You are a knowledgeable and caring doctor,0.3,0.3,0.4,0.002222222222222224,1.570950594454669,0.06666666666666672,0.01401190626648767
92,3,You are a practical engineer,0.3,0.3,0.4,0.002222222222222224,1.570950594454669,0.06666666666666672,0.01401190626648767
92,4,You are a precise lawyer,0.3,0.3,0.3,0.0,1.584962500721156,0.0,3.2034265038149176e-16
92,5,You are a clever merchant,0.3,0.3,0.4,0.002222222222222224,1.570950594454669,0.06666666666666672,0.01401190626648767
92,6,You are a talented summarizer with excellent synthesis abilities,0.3,0.3,0.4,0.002222222222222224,1.570950594454669,0.06666666666666672,0.01401190626648767
93,1,You are an excellent judge with strong critical thinking skills,0.3,0.3,0.3,0.0,1.584962500721156,0.0,3.2034265038149176e-16
93,2,You are a knowledgeable and caring doctor,0.3,0.3,0.3,0.0,1.584962500721156,0.0,3.2034265038149176e-16
93,3,You are a practical engineer,0.3,0.3,0.3,0.0,1.584962500721156,0.0,3.2034265038149176e-16
93,4,You are a precise lawyer,0.3,0.3,0.3,0.0,1.584962500721156,0.0,3.2034265038149176e-16
93,5,You are a clever merchant,0.3,0.3,0.4,0.002222222222222224,1.570950594454669,0.06666666666666672,0.01401190626648767
93,6,You are a talented summarizer with excellent synthesis abilities,0.3,0.3,0.4,0.002222222222222224,1.570950594454669,0.06666666666666672,0.01401190626648767
94,1,You are an excellent judge with strong critical thinking skills,0.3,0.3,0.3,0.0,1.584962500721156,0.0,3.2034265038149176e-16
94,2,You are a knowledgeable and caring doctor,0.3,0.3,0.3,0.0,1.584962500721156,0.0,3.2034265038149176e-16
94,3,You are a practical engineer,0.3,0.3,0.3,0.0,1.584962500721156,0.0,3.2034265038149176e-16
94,4,You are a precise lawyer,0.3,0.3,0.3,0.0,1.584962500721156,0.0,3.2034265038149176e-16
94,5,You are a clever merchant,0.3,0.4,0.3,0.0022222222222222235,1.570950594454669,0.06666666666666672,0.01401190626648767
94,6,You are a talented summarizer with excellent synthesis abilities,0.3,0.4,0.3,0.0022222222222222235,1.570950594454669,0.06666666666666672,0.01401190626648767
95,1,You are an excellent judge with strong critical thinking skills,0.3,0.3,0.3,0.0,1.584962500721156,0.0,3.2034265038149176e-16
95,2,You are a knowledgeable and caring doctor,0.3,0.3,0.3,0.0,1.584962500721156,0.0,3.2034265038149176e-16
95,3,You are a practical engineer,0.3,0.3,0.3,0.0,1.584962500721156,0.0,3.2034265038149176e-16
95,4,You are a precise lawyer,0.3,0.3,0.3,0.0,1.584962500721156,0.0,3.2034265038149176e-16
95,5,You are a clever merchant,0.3,0.4,0.3,0.0022222222222222235,1.570950594454669,0.06666666666666672,0.01401190626648767
95,6,You are a talented summarizer with excellent synthesis abilities,0.3,0.4,0.3,0.0022222222222222235,1.570950594454669,0.06666666666666672,0.01401190626648767
