question_id,iteration,choice_A_prob,choice_B_prob,choice_C_prob,variance,entropy,gini,uniform_kl
0,1,0.7,0.2,0.1,0.06888888888888887,1.1567796494470395,0.4000000000000001,0.4281828512741171
0,2,0.7,0.2,0.1,0.06888888888888887,1.1567796494470395,0.4000000000000001,0.4281828512741171
0,3,0.6,0.2,0.2,0.03555555555555555,1.370950594454669,0.2666666666666666,0.2140119062664876
0,4,0.7,0.2,0.1,0.06888888888888887,1.1567796494470395,0.4000000000000001,0.4281828512741171
1,1,0.7,0.2,0.1,0.06888888888888887,1.1567796494470395,0.4000000000000001,0.4281828512741171
1,2,0.6,0.3,0.1,0.04222222222222222,1.295461844238322,0.3333333333333333,0.28950065648283463
1,3,0.7,0.2,0.1,0.06888888888888887,1.1567796494470395,0.4000000000000001,0.4281828512741171
1,4,0.7,0.2,0.1,0.06888888888888887,1.1567796494470395,0.4000000000000001,0.4281828512741171
3,1,0.3,0.3,0.4,0.002222222222222224,1.570950594454669,0.06666666666666672,0.01401190626648767
3,2,0.3,0.3,0.4,0.002222222222222224,1.570950594454669,0.06666666666666672,0.01401190626648767
3,3,0.3,0.3,0.4,0.002222222222222224,1.570950594454669,0.06666666666666672,0.01401190626648767
3,4,0.2,0.2,0.6,0.035555555555555556,1.370950594454669,0.2666666666666666,0.21401190626648764
4,1,0.2,0.6,0.2,0.03555555555555555,1.370950594454669,0.2666666666666666,0.2140119062664876
4,2,0.3,0.5,0.2,0.015555555555555553,1.4854752972273346,0.20000000000000004,0.0994872034938219
4,3,0.3,0.5,0.2,0.015555555555555553,1.4854752972273346,0.20000000000000004,0.0994872034938219
4,4,0.3,0.5,0.2,0.015555555555555553,1.4854752972273346,0.20000000000000004,0.0994872034938219
5,1,0.3,0.3,0.4,0.002222222222222224,1.570950594454669,0.06666666666666672,0.01401190626648767
5,2,0.3,0.3,0.4,0.002222222222222224,1.570950594454669,0.06666666666666672,0.01401190626648767
5,3,0.3,0.3,0.4,0.002222222222222224,1.570950594454669,0.06666666666666672,0.01401190626648767
5,4,0.3,0.3,0.4,0.002222222222222224,1.570950594454669,0.06666666666666672,0.01401190626648767
7,1,0.3,0.1,0.6,0.04222222222222222,1.2954618442383217,0.3333333333333333,0.2895006564828345
7,2,0.9,0.1,0.0,0.1622222222222222,0.46899559358928117,0.6,1.1050376315682857
7,3,0.9,0.1,0.0,0.1622222222222222,0.46899559358928117,0.6,1.1050376315682857
7,4,1.0,0.0,0.0,0.22222222222222224,0.0,0.6666666666666666,1.5621882071887097
8,1,0.2,0.5,0.3,0.015555555555555557,1.4854752972273346,0.20000000000000004,0.0994872034938219
8,2,0.1,0.8,0.1,0.10888888888888888,0.9219280948873624,0.4666666666666666,0.663034405833794
8,3,0.1,0.8,0.1,0.10888888888888888,0.9219280948873624,0.4666666666666666,0.663034405833794
8,4,0.2,0.7,0.1,0.06888888888888887,1.1567796494470395,0.4000000000000001,0.4281828512741171
9,1,0.2,0.1,0.7,0.06888888888888887,1.1567796494470395,0.4000000000000001,0.4281828512741168
9,2,0.2,0.1,0.7,0.06888888888888887,1.1567796494470395,0.4000000000000001,0.4281828512741168
9,3,0.2,0.1,0.7,0.06888888888888887,1.1567796494470395,0.4000000000000001,0.4281828512741168
9,4,0.1,0.1,0.8,0.10888888888888891,0.9219280948873624,0.4666666666666666,0.6630344058337941
10,1,0.1,0.1,0.8,0.10888888888888891,0.9219280948873624,0.4666666666666666,0.6630344058337941
10,2,0.1,0.1,0.8,0.10888888888888891,0.9219280948873624,0.4666666666666666,0.6630344058337941
10,3,0.1,0.1,0.8,0.10888888888888891,0.9219280948873624,0.4666666666666666,0.6630344058337941
10,4,0.3,0.3,0.3,0.0,1.584962500721156,0.0,3.2034265038149176e-16
11,1,0.3,0.3,0.4,0.002222222222222224,1.570950594454669,0.06666666666666672,0.01401190626648767
11,2,0.3,0.3,0.4,0.002222222222222224,1.570950594454669,0.06666666666666672,0.01401190626648767
11,3,0.3,0.3,0.4,0.002222222222222224,1.570950594454669,0.06666666666666672,0.01401190626648767
11,4,0.2,0.3,0.5,0.015555555555555553,1.4854752972273346,0.20000000000000004,0.0994872034938219
12,1,0.2,0.5,0.3,0.015555555555555557,1.4854752972273346,0.20000000000000004,0.0994872034938219
12,2,0.2,0.7,0.1,0.06888888888888887,1.1567796494470395,0.4000000000000001,0.4281828512741171
12,3,0.1,0.7,0.2,0.06888888888888887,1.1567796494470395,0.4000000000000001,0.4281828512741167
12,4,0.2,0.7,0.1,0.06888888888888887,1.1567796494470395,0.4000000000000001,0.4281828512741171
13,1,0.3,0.3,0.4,0.002222222222222224,1.570950594454669,0.06666666666666672,0.01401190626648767
13,2,0.2,0.2,0.6,0.035555555555555556,1.370950594454669,0.2666666666666666,0.21401190626648764
13,3,0.1,0.1,0.8,0.10888888888888891,0.9219280948873624,0.4666666666666666,0.6630344058337941
13,4,0.1,0.1,0.8,0.10888888888888891,0.9219280948873624,0.4666666666666666,0.6630344058337941
14,1,0.1,0.7,0.2,0.06888888888888887,1.1567796494470395,0.4000000000000001,0.4281828512741167
14,2,0.1,0.6,0.3,0.04222222222222222,1.295461844238322,0.3333333333333333,0.2895006564828345
14,3,0.1,0.7,0.2,0.06888888888888887,1.1567796494470395,0.4000000000000001,0.4281828512741167
14,4,0.1,0.7,0.2,0.06888888888888887,1.1567796494470395,0.4000000000000001,0.4281828512741167
15,1,0.1,0.6,0.3,0.04222222222222222,1.295461844238322,0.3333333333333333,0.2895006564828345
15,2,0.1,0.7,0.2,0.06888888888888887,1.1567796494470395,0.4000000000000001,0.4281828512741167
15,3,0.1,0.8,0.1,0.10888888888888888,0.9219280948873624,0.4666666666666666,0.663034405833794
15,4,0.1,0.8,0.1,0.10888888888888888,0.9219280948873624,0.4666666666666666,0.663034405833794
16,1,0.1,0.1,0.8,0.10888888888888891,0.9219280948873624,0.4666666666666666,0.6630344058337941
16,2,0.1,0.1,0.8,0.10888888888888891,0.9219280948873624,0.4666666666666666,0.6630344058337941
16,3,0.1,0.1,0.8,0.10888888888888891,0.9219280948873624,0.4666666666666666,0.6630344058337941
16,4,0.0,0.0,1.0,0.22222222222222224,0.0,0.6666666666666666,1.5621882071887094
18,1,0.3,0.3,0.4,0.002222222222222224,1.570950594454669,0.06666666666666672,0.01401190626648767
18,2,0.1,0.7,0.2,0.06888888888888887,1.1567796494470395,0.4000000000000001,0.4281828512741167
18,3,0.1,0.6,0.3,0.04222222222222222,1.295461844238322,0.3333333333333333,0.2895006564828345
18,4,0.1,0.5,0.4,0.02888888888888889,1.3609640474436813,0.2666666666666666,0.22399845327747514
19,1,0.1,0.1,0.8,0.10888888888888891,0.9219280948873624,0.4666666666666666,0.6630344058337941
19,2,0.1,0.1,0.8,0.10888888888888891,0.9219280948873624,0.4666666666666666,0.6630344058337941
19,3,0.1,0.1,0.8,0.10888888888888891,0.9219280948873624,0.4666666666666666,0.6630344058337941
19,4,0.3,0.3,0.4,0.002222222222222224,1.570950594454669,0.06666666666666672,0.01401190626648767
21,1,0.1,0.7,0.2,0.06888888888888887,1.1567796494470395,0.4000000000000001,0.4281828512741167
21,2,0.2,0.5,0.3,0.015555555555555557,1.4854752972273346,0.20000000000000004,0.0994872034938219
21,3,0.1,0.6,0.3,0.04222222222222222,1.295461844238322,0.3333333333333333,0.2895006564828345
21,4,0.1,0.6,0.3,0.04222222222222222,1.295461844238322,0.3333333333333333,0.2895006564828345
23,1,0.1,0.1,0.8,0.10888888888888891,0.9219280948873624,0.4666666666666666,0.6630344058337941
23,2,0.3,0.3,0.4,0.002222222222222224,1.570950594454669,0.06666666666666672,0.01401190626648767
23,3,0.2,0.3,0.5,0.015555555555555553,1.4854752972273346,0.20000000000000004,0.0994872034938219
23,4,0.1,0.1,0.8,0.10888888888888891,0.9219280948873624,0.4666666666666666,0.6630344058337941
24,1,0.1,0.2,0.7,0.06888888888888887,1.1567796494470395,0.4000000000000001,0.4281828512741168
24,2,0.1,0.1,0.8,0.10888888888888891,0.9219280948873624,0.4666666666666666,0.6630344058337941
24,3,0.1,0.1,0.8,0.10888888888888891,0.9219280948873624,0.4666666666666666,0.6630344058337941
24,4,0.1,0.2,0.7,0.06888888888888887,1.1567796494470395,0.4000000000000001,0.4281828512741168
26,1,0.6,0.3,0.1,0.04222222222222222,1.295461844238322,0.3333333333333333,0.28950065648283463
26,2,0.4,0.3,0.3,0.0022222222222222235,1.570950594454669,0.06666666666666672,0.01401190626648767
26,3,0.5,0.3,0.2,0.015555555555555553,1.4854752972273346,0.20000000000000004,0.0994872034938219
26,4,0.7,0.2,0.1,0.06888888888888887,1.1567796494470395,0.4000000000000001,0.4281828512741171
27,1,0.3,0.3,0.4,0.002222222222222224,1.570950594454669,0.06666666666666672,0.01401190626648767
27,2,0.3,0.3,0.4,0.002222222222222224,1.570950594454669,0.06666666666666672,0.01401190626648767
27,3,0.3,0.3,0.4,0.002222222222222224,1.570950594454669,0.06666666666666672,0.01401190626648767
27,4,0.3,0.3,0.4,0.002222222222222224,1.570950594454669,0.06666666666666672,0.01401190626648767
28,1,0.3,0.3,0.3,0.0,1.584962500721156,0.0,3.2034265038149176e-16
28,2,0.3,0.3,0.4,0.002222222222222224,1.570950594454669,0.06666666666666672,0.01401190626648767
28,3,0.2,0.2,0.6,0.035555555555555556,1.370950594454669,0.2666666666666666,0.21401190626648764
28,4,0.1,0.1,0.8,0.10888888888888891,0.9219280948873624,0.4666666666666666,0.6630344058337941
29,1,0.1,0.6,0.3,0.04222222222222222,1.295461844238322,0.3333333333333333,0.2895006564828345
29,2,0.1,0.6,0.3,0.04222222222222222,1.295461844238322,0.3333333333333333,0.2895006564828345
29,3,0.1,0.7,0.2,0.06888888888888887,1.1567796494470395,0.4000000000000001,0.4281828512741167
29,4,0.1,0.6,0.3,0.04222222222222222,1.295461844238322,0.3333333333333333,0.2895006564828345
30,1,0.2,0.5,0.3,0.015555555555555557,1.4854752972273346,0.20000000000000004,0.0994872034938219
30,2,0.3,0.4,0.3,0.0022222222222222235,1.570950594454669,0.06666666666666672,0.01401190626648767
30,3,0.2,0.7,0.1,0.06888888888888887,1.1567796494470395,0.4000000000000001,0.4281828512741171
30,4,0.2,0.5,0.3,0.015555555555555557,1.4854752972273346,0.20000000000000004,0.0994872034938219
31,1,0.3,0.5,0.2,0.015555555555555553,1.4854752972273346,0.20000000000000004,0.0994872034938219
31,2,0.2,0.6,0.2,0.03555555555555555,1.370950594454669,0.2666666666666666,0.2140119062664876
31,3,0.1,0.6,0.3,0.04222222222222222,1.295461844238322,0.3333333333333333,0.2895006564828345
31,4,0.1,0.7,0.2,0.06888888888888887,1.1567796494470395,0.4000000000000001,0.4281828512741167
33,1,0.6,0.3,0.1,0.04222222222222222,1.295461844238322,0.3333333333333333,0.28950065648283463
33,2,0.6,0.3,0.1,0.04222222222222222,1.295461844238322,0.3333333333333333,0.28950065648283463
33,3,0.6,0.3,0.1,0.04222222222222222,1.295461844238322,0.3333333333333333,0.28950065648283463
33,4,0.6,0.3,0.1,0.04222222222222222,1.295461844238322,0.3333333333333333,0.28950065648283463
34,1,0.2,0.5,0.3,0.015555555555555557,1.4854752972273346,0.20000000000000004,0.0994872034938219
34,2,0.1,0.8,0.1,0.10888888888888888,0.9219280948873624,0.4666666666666666,0.663034405833794
34,3,0.2,0.7,0.1,0.06888888888888887,1.1567796494470395,0.4000000000000001,0.4281828512741171
34,4,0.1,0.6,0.3,0.04222222222222222,1.295461844238322,0.3333333333333333,0.2895006564828345
36,1,0.3,0.5,0.2,0.015555555555555553,1.4854752972273346,0.20000000000000004,0.0994872034938219
36,2,0.3,0.4,0.3,0.0022222222222222235,1.570950594454669,0.06666666666666672,0.01401190626648767
36,3,0.3,0.3,0.3,0.0,1.584962500721156,0.0,3.2034265038149176e-16
36,4,0.3,0.3,0.3,0.0,1.584962500721156,0.0,3.2034265038149176e-16
37,1,0.3,0.4,0.3,0.0022222222222222235,1.570950594454669,0.06666666666666672,0.01401190626648767
37,2,0.3,0.4,0.3,0.0022222222222222235,1.570950594454669,0.06666666666666672,0.01401190626648767
37,3,0.2,0.5,0.3,0.015555555555555557,1.4854752972273346,0.20000000000000004,0.0994872034938219
37,4,0.3,0.4,0.3,0.0022222222222222235,1.570950594454669,0.06666666666666672,0.01401190626648767
40,1,0.6,0.3,0.1,0.04222222222222222,1.295461844238322,0.3333333333333333,0.28950065648283463
40,2,0.5,0.3,0.2,0.015555555555555553,1.4854752972273346,0.20000000000000004,0.0994872034938219
40,3,0.6,0.3,0.1,0.04222222222222222,1.295461844238322,0.3333333333333333,0.28950065648283463
40,4,0.7,0.2,0.1,0.06888888888888887,1.1567796494470395,0.4000000000000001,0.4281828512741171
41,1,0.1,0.1,0.8,0.10888888888888891,0.9219280948873624,0.4666666666666666,0.6630344058337941
41,2,0.1,0.1,0.8,0.10888888888888891,0.9219280948873624,0.4666666666666666,0.6630344058337941
41,3,0.1,0.1,0.8,0.10888888888888891,0.9219280948873624,0.4666666666666666,0.6630344058337941
41,4,0.1,0.1,0.8,0.10888888888888891,0.9219280948873624,0.4666666666666666,0.6630344058337941
42,1,0.3,0.3,0.4,0.002222222222222224,1.570950594454669,0.06666666666666672,0.01401190626648767
42,2,0.3,0.3,0.4,0.002222222222222224,1.570950594454669,0.06666666666666672,0.01401190626648767
42,3,0.3,0.3,0.4,0.002222222222222224,1.570950594454669,0.06666666666666672,0.01401190626648767
42,4,0.5,0.5,0.0,0.05555555555555556,1.0,0.3333333333333333,0.5745636990900452
43,1,0.2,0.3,0.5,0.015555555555555553,1.4854752972273346,0.20000000000000004,0.0994872034938219
43,2,0.1,0.1,0.8,0.10888888888888891,0.9219280948873624,0.4666666666666666,0.6630344058337941
43,3,0.1,0.1,0.8,0.10888888888888891,0.9219280948873624,0.4666666666666666,0.6630344058337941
43,4,0.1,0.2,0.7,0.06888888888888887,1.1567796494470395,0.4000000000000001,0.4281828512741168
44,1,0.3,0.4,0.3,0.0022222222222222235,1.570950594454669,0.06666666666666672,0.01401190626648767
44,2,0.7,0.2,0.1,0.06888888888888887,1.1567796494470395,0.4000000000000001,0.4281828512741171
44,3,0.7,0.2,0.1,0.06888888888888887,1.1567796494470395,0.4000000000000001,0.4281828512741171
44,4,0.6,0.3,0.1,0.04222222222222222,1.295461844238322,0.3333333333333333,0.28950065648283463
47,1,0.2,0.3,0.5,0.015555555555555553,1.4854752972273346,0.20000000000000004,0.0994872034938219
47,2,0.3,0.3,0.4,0.002222222222222224,1.570950594454669,0.06666666666666672,0.01401190626648767
47,3,0.3,0.3,0.4,0.002222222222222224,1.570950594454669,0.06666666666666672,0.01401190626648767
47,4,0.1,0.1,0.8,0.10888888888888891,0.9219280948873624,0.4666666666666666,0.6630344058337941
48,1,0.1,0.8,0.1,0.10888888888888888,0.9219280948873624,0.4666666666666666,0.663034405833794
48,2,0.1,0.8,0.1,0.10888888888888888,0.9219280948873624,0.4666666666666666,0.663034405833794
48,3,0.1,0.8,0.1,0.10888888888888888,0.9219280948873624,0.4666666666666666,0.663034405833794
48,4,0.1,0.8,0.1,0.10888888888888888,0.9219280948873624,0.4666666666666666,0.663034405833794
52,1,0.6,0.3,0.1,0.04222222222222222,1.295461844238322,0.3333333333333333,0.28950065648283463
52,2,0.7,0.2,0.1,0.06888888888888887,1.1567796494470395,0.4000000000000001,0.4281828512741171
52,3,1.0,0.0,0.0,0.22222222222222224,0.0,0.6666666666666666,1.5621882071887097
52,4,1.0,0.0,0.0,0.22222222222222224,0.0,0.6666666666666666,1.5621882071887097
54,1,0.3,0.3,0.4,0.002222222222222224,1.570950594454669,0.06666666666666672,0.01401190626648767
54,2,0.3,0.3,0.4,0.002222222222222224,1.570950594454669,0.06666666666666672,0.01401190626648767
54,3,0.2,0.3,0.5,0.015555555555555553,1.4854752972273346,0.20000000000000004,0.0994872034938219
54,4,0.1,0.1,0.8,0.10888888888888891,0.9219280948873624,0.4666666666666666,0.6630344058337941
55,1,0.3,0.3,0.4,0.002222222222222224,1.570950594454669,0.06666666666666672,0.01401190626648767
55,2,0.2,0.2,0.6,0.035555555555555556,1.370950594454669,0.2666666666666666,0.21401190626648764
55,3,0.3,0.3,0.4,0.002222222222222224,1.570950594454669,0.06666666666666672,0.01401190626648767
55,4,0.3,0.3,0.4,0.002222222222222224,1.570950594454669,0.06666666666666672,0.01401190626648767
56,1,0.1,0.1,0.8,0.10888888888888891,0.9219280948873624,0.4666666666666666,0.6630344058337941
56,2,0.1,0.1,0.8,0.10888888888888891,0.9219280948873624,0.4666666666666666,0.6630344058337941
56,3,0.1,0.1,0.8,0.10888888888888891,0.9219280948873624,0.4666666666666666,0.6630344058337941
56,4,0.1,0.1,0.8,0.10888888888888891,0.9219280948873624,0.4666666666666666,0.6630344058337941
59,1,0.3,0.6,0.1,0.04222222222222222,1.295461844238322,0.3333333333333333,0.28950065648283463
59,2,0.2,0.7,0.1,0.06888888888888887,1.1567796494470395,0.4000000000000001,0.4281828512741171
59,3,0.3,0.6,0.1,0.04222222222222222,1.295461844238322,0.3333333333333333,0.28950065648283463
59,4,0.3,0.4,0.3,0.0022222222222222235,1.570950594454669,0.06666666666666672,0.01401190626648767
60,1,0.2,0.7,0.1,0.06888888888888887,1.1567796494470395,0.4000000000000001,0.4281828512741171
60,2,0.1,0.7,0.2,0.06888888888888887,1.1567796494470395,0.4000000000000001,0.4281828512741167
60,3,0.2,0.7,0.1,0.06888888888888887,1.1567796494470395,0.4000000000000001,0.4281828512741171
60,4,0.1,0.8,0.1,0.10888888888888888,0.9219280948873624,0.4666666666666666,0.663034405833794
61,1,0.6,0.3,0.1,0.04222222222222222,1.295461844238322,0.3333333333333333,0.28950065648283463
61,2,0.6,0.2,0.2,0.03555555555555555,1.370950594454669,0.2666666666666666,0.2140119062664876
61,3,0.5,0.3,0.2,0.015555555555555553,1.4854752972273346,0.20000000000000004,0.0994872034938219
61,4,0.5,0.3,0.2,0.015555555555555553,1.4854752972273346,0.20000000000000004,0.0994872034938219
62,1,0.5,0.3,0.2,0.015555555555555553,1.4854752972273346,0.20000000000000004,0.0994872034938219
62,2,0.5,0.3,0.2,0.015555555555555553,1.4854752972273346,0.20000000000000004,0.0994872034938219
62,3,0.7,0.2,0.1,0.06888888888888887,1.1567796494470395,0.4000000000000001,0.4281828512741171
62,4,0.6,0.2,0.2,0.03555555555555555,1.370950594454669,0.2666666666666666,0.2140119062664876
64,1,0.5,0.3,0.2,0.015555555555555553,1.4854752972273346,0.20000000000000004,0.0994872034938219
64,2,0.6,0.3,0.1,0.04222222222222222,1.295461844238322,0.3333333333333333,0.28950065648283463
64,3,0.5,0.3,0.2,0.015555555555555553,1.4854752972273346,0.20000000000000004,0.0994872034938219
64,4,0.6,0.3,0.1,0.04222222222222222,1.295461844238322,0.3333333333333333,0.28950065648283463
65,1,0.2,0.1,0.7,0.06888888888888887,1.1567796494470395,0.4000000000000001,0.4281828512741168
65,2,0.2,0.1,0.7,0.06888888888888887,1.1567796494470395,0.4000000000000001,0.4281828512741168
65,3,0.1,0.1,0.8,0.10888888888888891,0.9219280948873624,0.4666666666666666,0.6630344058337941
65,4,0.2,0.1,0.7,0.06888888888888887,1.1567796494470395,0.4000000000000001,0.4281828512741168
66,1,0.3,0.3,0.4,0.002222222222222224,1.570950594454669,0.06666666666666672,0.01401190626648767
66,2,0.1,0.1,0.8,0.10888888888888891,0.9219280948873624,0.4666666666666666,0.6630344058337941
66,3,0.1,0.1,0.8,0.10888888888888891,0.9219280948873624,0.4666666666666666,0.6630344058337941
66,4,0.1,0.2,0.7,0.06888888888888887,1.1567796494470395,0.4000000000000001,0.4281828512741168
67,1,0.1,0.8,0.1,0.10888888888888888,0.9219280948873624,0.4666666666666666,0.663034405833794
67,2,0.1,0.7,0.2,0.06888888888888887,1.1567796494470395,0.4000000000000001,0.4281828512741167
67,3,0.1,0.7,0.2,0.06888888888888887,1.1567796494470395,0.4000000000000001,0.4281828512741167
67,4,0.1,0.7,0.2,0.06888888888888887,1.1567796494470395,0.4000000000000001,0.4281828512741167
70,1,0.1,0.1,0.8,0.10888888888888891,0.9219280948873624,0.4666666666666666,0.6630344058337941
70,2,0.1,0.1,0.8,0.10888888888888891,0.9219280948873624,0.4666666666666666,0.6630344058337941
70,3,0.1,0.1,0.8,0.10888888888888891,0.9219280948873624,0.4666666666666666,0.6630344058337941
70,4,0.1,0.1,0.8,0.10888888888888891,0.9219280948873624,0.4666666666666666,0.6630344058337941
71,1,0.2,0.1,0.7,0.06888888888888887,1.1567796494470395,0.4000000000000001,0.4281828512741168
71,2,0.2,0.1,0.7,0.06888888888888887,1.1567796494470395,0.4000000000000001,0.4281828512741168
71,3,0.1,0.1,0.8,0.10888888888888891,0.9219280948873624,0.4666666666666666,0.6630344058337941
71,4,0.0,0.0,1.0,0.22222222222222224,0.0,0.6666666666666666,1.5621882071887094
72,1,0.1,0.7,0.2,0.06888888888888887,1.1567796494470395,0.4000000000000001,0.4281828512741167
72,2,0.1,0.8,0.1,0.10888888888888888,0.9219280948873624,0.4666666666666666,0.663034405833794
72,3,0.0,1.0,0.0,0.22222222222222224,0.0,0.6666666666666666,1.5621882071887097
72,4,0.1,0.8,0.1,0.10888888888888888,0.9219280948873624,0.4666666666666666,0.663034405833794
73,1,0.6,0.3,0.1,0.04222222222222222,1.295461844238322,0.3333333333333333,0.28950065648283463
73,2,0.1,0.6,0.3,0.04222222222222222,1.295461844238322,0.3333333333333333,0.2895006564828345
73,3,0.1,0.7,0.2,0.06888888888888887,1.1567796494470395,0.4000000000000001,0.4281828512741167
73,4,0.1,0.8,0.1,0.10888888888888888,0.9219280948873624,0.4666666666666666,0.663034405833794
74,1,0.1,0.8,0.1,0.10888888888888888,0.9219280948873624,0.4666666666666666,0.663034405833794
74,2,0.1,0.8,0.1,0.10888888888888888,0.9219280948873624,0.4666666666666666,0.663034405833794
74,3,0.1,0.7,0.2,0.06888888888888887,1.1567796494470395,0.4000000000000001,0.4281828512741167
74,4,0.1,0.7,0.2,0.06888888888888887,1.1567796494470395,0.4000000000000001,0.4281828512741167
75,1,0.7,0.2,0.1,0.06888888888888887,1.1567796494470395,0.4000000000000001,0.4281828512741171
75,2,0.7,0.1,0.2,0.06888888888888887,1.1567796494470395,0.4000000000000001,0.4281828512741167
75,3,0.7,0.1,0.2,0.06888888888888887,1.1567796494470395,0.4000000000000001,0.4281828512741167
75,4,0.7,0.2,0.1,0.06888888888888887,1.1567796494470395,0.4000000000000001,0.4281828512741171
76,1,0.6,0.2,0.2,0.03555555555555555,1.370950594454669,0.2666666666666666,0.2140119062664876
76,2,0.5,0.3,0.2,0.015555555555555553,1.4854752972273346,0.20000000000000004,0.0994872034938219
76,3,0.6,0.2,0.2,0.03555555555555555,1.370950594454669,0.2666666666666666,0.2140119062664876
76,4,0.7,0.1,0.2,0.06888888888888887,1.1567796494470395,0.4000000000000001,0.4281828512741167
77,1,0.1,0.1,0.8,0.10888888888888891,0.9219280948873624,0.4666666666666666,0.6630344058337941
77,2,0.1,0.1,0.8,0.10888888888888891,0.9219280948873624,0.4666666666666666,0.6630344058337941
77,3,0.1,0.1,0.8,0.10888888888888891,0.9219280948873624,0.4666666666666666,0.6630344058337941
77,4,0.1,0.1,0.8,0.10888888888888891,0.9219280948873624,0.4666666666666666,0.6630344058337941
78,1,0.3,0.4,0.3,0.0022222222222222235,1.570950594454669,0.06666666666666672,0.01401190626648767
78,2,0.2,0.6,0.2,0.03555555555555555,1.370950594454669,0.2666666666666666,0.2140119062664876
78,3,0.2,0.6,0.2,0.03555555555555555,1.370950594454669,0.2666666666666666,0.2140119062664876
78,4,0.1,0.7,0.2,0.06888888888888887,1.1567796494470395,0.4000000000000001,0.4281828512741167
80,1,0.3,0.4,0.3,0.0022222222222222235,1.570950594454669,0.06666666666666672,0.01401190626648767
80,2,0.1,0.8,0.1,0.10888888888888888,0.9219280948873624,0.4666666666666666,0.663034405833794
80,3,0.2,0.6,0.2,0.03555555555555555,1.370950594454669,0.2666666666666666,0.2140119062664876
80,4,0.3,0.5,0.2,0.015555555555555553,1.4854752972273346,0.20000000000000004,0.0994872034938219
81,1,0.3,0.3,0.4,0.002222222222222224,1.570950594454669,0.06666666666666672,0.01401190626648767
81,2,0.1,0.2,0.7,0.06888888888888887,1.1567796494470395,0.4000000000000001,0.4281828512741168
81,3,0.1,0.1,0.8,0.10888888888888891,0.9219280948873624,0.4666666666666666,0.6630344058337941
81,4,0.1,0.1,0.8,0.10888888888888891,0.9219280948873624,0.4666666666666666,0.6630344058337941
82,1,0.5,0.3,0.2,0.015555555555555553,1.4854752972273346,0.20000000000000004,0.0994872034938219
82,2,0.3,0.4,0.3,0.0022222222222222235,1.570950594454669,0.06666666666666672,0.01401190626648767
82,3,0.3,0.4,0.3,0.0022222222222222235,1.570950594454669,0.06666666666666672,0.01401190626648767
82,4,0.2,0.6,0.2,0.03555555555555555,1.370950594454669,0.2666666666666666,0.2140119062664876
83,1,0.8,0.1,0.1,0.10888888888888888,0.9219280948873624,0.4666666666666666,0.663034405833794
83,2,0.7,0.2,0.1,0.06888888888888887,1.1567796494470395,0.4000000000000001,0.4281828512741171
83,3,0.7,0.2,0.1,0.06888888888888887,1.1567796494470395,0.4000000000000001,0.4281828512741171
83,4,0.6,0.2,0.2,0.03555555555555555,1.370950594454669,0.2666666666666666,0.2140119062664876
84,1,0.3,0.3,0.4,0.002222222222222224,1.570950594454669,0.06666666666666672,0.01401190626648767
84,2,0.3,0.3,0.4,0.002222222222222224,1.570950594454669,0.06666666666666672,0.01401190626648767
84,3,0.2,0.2,0.6,0.035555555555555556,1.370950594454669,0.2666666666666666,0.21401190626648764
84,4,0.1,0.1,0.8,0.10888888888888891,0.9219280948873624,0.4666666666666666,0.6630344058337941
87,1,0.1,0.1,0.8,0.10888888888888891,0.9219280948873624,0.4666666666666666,0.6630344058337941
87,2,0.1,0.1,0.8,0.10888888888888891,0.9219280948873624,0.4666666666666666,0.6630344058337941
87,3,0.1,0.1,0.8,0.10888888888888891,0.9219280948873624,0.4666666666666666,0.6630344058337941
87,4,0.1,0.1,0.8,0.10888888888888891,0.9219280948873624,0.4666666666666666,0.6630344058337941
89,1,0.2,0.2,0.6,0.035555555555555556,1.370950594454669,0.2666666666666666,0.21401190626648764
89,2,0.1,0.1,0.8,0.10888888888888891,0.9219280948873624,0.4666666666666666,0.6630344058337941
89,3,0.2,0.2,0.6,0.035555555555555556,1.370950594454669,0.2666666666666666,0.21401190626648764
89,4,0.1,0.1,0.8,0.10888888888888891,0.9219280948873624,0.4666666666666666,0.6630344058337941
90,1,0.3,0.5,0.2,0.015555555555555553,1.4854752972273346,0.20000000000000004,0.0994872034938219
90,2,0.2,0.7,0.1,0.06888888888888887,1.1567796494470395,0.4000000000000001,0.4281828512741171
90,3,0.3,0.6,0.1,0.04222222222222222,1.295461844238322,0.3333333333333333,0.28950065648283463
90,4,0.1,0.8,0.1,0.10888888888888888,0.9219280948873624,0.4666666666666666,0.663034405833794
92,1,0.3,0.5,0.2,0.015555555555555553,1.4854752972273346,0.20000000000000004,0.0994872034938219
92,2,0.1,0.8,0.1,0.10888888888888888,0.9219280948873624,0.4666666666666666,0.663034405833794
92,3,0.1,0.7,0.2,0.06888888888888887,1.1567796494470395,0.4000000000000001,0.4281828512741167
92,4,0.1,0.8,0.1,0.10888888888888888,0.9219280948873624,0.4666666666666666,0.663034405833794
93,1,0.3,0.3,0.3,0.0,1.584962500721156,0.0,3.2034265038149176e-16
93,2,0.2,0.2,0.6,0.035555555555555556,1.370950594454669,0.2666666666666666,0.21401190626648764
93,3,0.1,0.1,0.8,0.10888888888888891,0.9219280948873624,0.4666666666666666,0.6630344058337941
93,4,0.1,0.1,0.8,0.10888888888888891,0.9219280948873624,0.4666666666666666,0.6630344058337941
94,1,0.7,0.2,0.1,0.06888888888888887,1.1567796494470395,0.4000000000000001,0.4281828512741171
94,2,0.7,0.2,0.1,0.06888888888888887,1.1567796494470395,0.4000000000000001,0.4281828512741171
94,3,0.5,0.3,0.2,0.015555555555555553,1.4854752972273346,0.20000000000000004,0.0994872034938219
94,4,0.5,0.3,0.2,0.015555555555555553,1.4854752972273346,0.20000000000000004,0.0994872034938219
95,1,0.3,0.3,0.4,0.002222222222222224,1.570950594454669,0.06666666666666672,0.01401190626648767
95,2,0.3,0.3,0.3,0.0,1.584962500721156,0.0,3.2034265038149176e-16
95,3,0.2,0.2,0.6,0.035555555555555556,1.370950594454669,0.2666666666666666,0.21401190626648764
95,4,0.3,0.3,0.4,0.002222222222222224,1.570950594454669,0.06666666666666672,0.01401190626648767
