iteration,agent_index,global_agent_index,agent_role,avg_choice_A_prob,avg_choice_B_prob,avg_choice_C_prob,avg_variance,avg_entropy,avg_gini,avg_uniform_kl,questions_processed
1,1,1,You are an excellent judge with strong critical thinking skills,0.35285714285714287,0.2914285714285715,0.31000000000000005,0.006539682539682541,1.5340539762795427,0.0666666666666667,0.05045889302726669,70
1,2,2,You are a knowledgeable and caring doctor,0.35371428571428565,0.30371428571428566,0.324,0.00873714285714286,1.5226100703224041,0.07193650793650795,0.061878529039273024,70
1,3,3,You are a practical engineer,0.37285714285714283,0.2800000000000001,0.3228571428571429,0.010634920634920636,1.5132451485842808,0.10666666666666669,0.07156879782786021,70
1,4,4,You are a precise lawyer,0.35571428571428576,0.2814285714285715,0.32999999999999996,0.012063492063492064,1.5016538570608609,0.0961904761904762,0.08283474230081665,70
1,5,5,You are a clever merchant,0.3685714285714286,0.28857142857142865,0.32999999999999996,0.011746031746031749,1.5065201408850641,0.12285714285714287,0.07828983703977672,70
1,6,6,You are a talented summarizer with excellent synthesis abilities,0.3757142857142857,0.2828571428571429,0.337142857142857,0.01393650793650794,1.490011648613779,0.1326984126984127,0.0944765361709673,70
2,1,7,You are an excellent judge with strong critical thinking skills,0.3742857142857143,0.2828571428571429,0.327142857142857,0.013396825396825398,1.493066681596947,0.12095238095238095,0.0914345852221604,70
2,2,8,You are a knowledgeable and caring doctor,0.368,0.298,0.3197142857142857,0.01095619047619048,1.5117750491902895,0.09955555555555558,0.07303131902281586,70
2,3,9,You are a practical engineer,0.37285714285714283,0.2814285714285714,0.327142857142857,0.013238095238095238,1.4970603040485162,0.1292063492063492,0.08790219667264065,70
2,4,10,You are a precise lawyer,0.35,0.2914285714285715,0.31714285714285706,0.00796825396825397,1.5299749696278524,0.08380952380952382,0.05483728263414176,70
2,5,11,You are a clever merchant,0.3714285714285714,0.28,0.34285714285714275,0.014000000000000002,1.4948370260615345,0.13809523809523808,0.09012547465962227,70
2,6,12,You are a talented summarizer with excellent synthesis abilities,0.37285714285714283,0.27142857142857146,0.3542857142857142,0.018285714285714284,1.4633855877130093,0.15746031746031747,0.12142078050009607,70
3,1,13,You are an excellent judge with strong critical thinking skills,0.36857142857142855,0.2814285714285715,0.3399999999999999,0.012761904761904764,1.4997950649318186,0.1326984126984127,0.08516743578933805,70
3,2,14,You are a knowledgeable and caring doctor,0.375142857142857,0.2894285714285714,0.32828571428571424,0.01330539682539683,1.4929081452760022,0.12146031746031744,0.09174925405115618,70
3,3,15,You are a practical engineer,0.3685714285714286,0.28714285714285714,0.34142857142857136,0.01587301587301587,1.4824104319307214,0.1488888888888889,0.1025520687904352,70
3,4,16,You are a precise lawyer,0.35571428571428576,0.2928571428571429,0.3214285714285714,0.008793650793650796,1.5268071903807783,0.09714285714285713,0.0581553103403785,70
3,5,17,You are a clever merchant,0.3857142857142856,0.27999999999999997,0.32999999999999996,0.018317460317460316,1.4643066741628576,0.16095238095238093,0.12049969405024737,70
3,6,18,You are a talented summarizer with excellent synthesis abilities,0.3828571428571428,0.28714285714285714,0.3257142857142856,0.016603174603174602,1.4738697136434253,0.15555555555555553,0.11094026428141525,70
4,1,19,You are an excellent judge with strong critical thinking skills,0.3714285714285714,0.28285714285714286,0.33571428571428563,0.015333333333333326,1.480591041733989,0.1403174603174603,0.10406507801995393,70
4,2,20,You are a knowledgeable and caring doctor,0.35957142857142854,0.29957142857142854,0.33371428571428563,0.011085396825396828,1.50545818472533,0.1091111111111111,0.07920154474034816,70
4,3,21,You are a practical engineer,0.3757142857142857,0.28714285714285714,0.3299999999999999,0.01511111111111111,1.4830935942149566,0.14507936507936506,0.10171638370988421,70
4,4,22,You are a precise lawyer,0.35714285714285715,0.2914285714285715,0.32142857142857145,0.010412698412698413,1.5147983234130737,0.10285714285714287,0.07001392884892058,70
4,5,23,You are a clever merchant,0.3814285714285714,0.28428571428571425,0.3342857142857142,0.01584126984126984,1.4732133382257993,0.15523809523809526,0.11129783693086308,70
4,6,24,You are a talented summarizer with excellent synthesis abilities,0.3814285714285714,0.28285714285714286,0.33285714285714274,0.017873015873015874,1.4655500087030702,0.1603174603174603,0.11910383671371917,70
