question_id,iteration,model_used,choice_A_prob,choice_B_prob,choice_C_prob,variance,entropy,gini,uniform_kl
0,1,deepseek-r1,0.7,0.2,0.1,0.06888888888888887,1.1567796494470395,0.4000000000000001,0.4281828512741171
0,2,deepseek-r1,0.8,0.2,0.0,0.11555555555555558,0.7219280948873623,0.5333333333333333,0.8523578100916813
0,3,deepseek-r1,0.7,0.2,0.1,0.06888888888888887,1.1567796494470395,0.4000000000000001,0.4281828512741171
0,4,deepseek-r1,0.7,0.2,0.1,0.06888888888888887,1.1567796494470395,0.4000000000000001,0.4281828512741171
1,1,deepseek-r1,0.1,0.7,0.2,0.06888888888888887,1.1567796494470395,0.4000000000000001,0.4281828512741167
1,2,deepseek-r1,0.1,0.7,0.2,0.06888888888888887,1.1567796494470395,0.4000000000000001,0.4281828512741167
1,3,deepseek-r1,0.1,0.7,0.2,0.06888888888888887,1.1567796494470395,0.4000000000000001,0.4281828512741167
1,4,deepseek-r1,0.1,0.7,0.2,0.06888888888888887,1.1567796494470395,0.4000000000000001,0.4281828512741167
3,1,deepseek-r1,0.7,0.1,0.2,0.06888888888888887,1.1567796494470395,0.4000000000000001,0.4281828512741167
3,2,deepseek-r1,0.6,0.1,0.3,0.04222222222222222,1.295461844238322,0.3333333333333333,0.2895006564828345
3,3,deepseek-r1,0.7,0.1,0.2,0.06888888888888887,1.1567796494470395,0.4000000000000001,0.4281828512741167
3,4,deepseek-r1,0.6,0.1,0.3,0.04222222222222222,1.295461844238322,0.3333333333333333,0.2895006564828345
4,1,deepseek-r1,0.7,0.2,0.1,0.06888888888888887,1.1567796494470395,0.4000000000000001,0.4281828512741171
4,2,deepseek-r1,0.7,0.2,0.1,0.06888888888888887,1.1567796494470395,0.4000000000000001,0.4281828512741171
4,3,deepseek-r1,0.7,0.2,0.1,0.06888888888888887,1.1567796494470395,0.4000000000000001,0.4281828512741171
4,4,deepseek-r1,0.7,0.2,0.1,0.06888888888888887,1.1567796494470395,0.4000000000000001,0.4281828512741171
5,1,deepseek-r1,0.1,0.1,0.8,0.10888888888888891,0.9219280948873624,0.4666666666666666,0.6630344058337941
5,2,deepseek-r1,0.1,0.1,0.8,0.10888888888888891,0.9219280948873624,0.4666666666666666,0.6630344058337941
5,3,deepseek-r1,0.0,0.0,1.0,0.22222222222222224,0.0,0.6666666666666666,1.5621882071887094
5,4,deepseek-r1,0.1,0.1,0.8,0.10888888888888891,0.9219280948873624,0.4666666666666666,0.6630344058337941
7,1,deepseek-r1,0.8,0.1,0.1,0.10888888888888888,0.9219280948873624,0.4666666666666666,0.663034405833794
7,2,deepseek-r1,0.7,0.2,0.1,0.06888888888888887,1.1567796494470395,0.4000000000000001,0.4281828512741171
7,3,deepseek-r1,0.7,0.2,0.1,0.06888888888888887,1.1567796494470395,0.4000000000000001,0.4281828512741171
7,4,deepseek-r1,0.9,0.1,0.0,0.1622222222222222,0.46899559358928117,0.6,1.1050376315682857
8,1,deepseek-r1,0.2,0.7,0.1,0.06888888888888887,1.1567796494470395,0.4000000000000001,0.4281828512741171
8,2,deepseek-r1,0.2,0.7,0.1,0.06888888888888887,1.1567796494470395,0.4000000000000001,0.4281828512741171
8,3,deepseek-r1,0.2,0.7,0.1,0.06888888888888887,1.1567796494470395,0.4000000000000001,0.4281828512741171
8,4,deepseek-r1,0.2,0.7,0.1,0.06888888888888887,1.1567796494470395,0.4000000000000001,0.4281828512741171
9,1,deepseek-r1,0.3,0.1,0.6,0.04222222222222222,1.2954618442383217,0.3333333333333333,0.2895006564828345
9,2,deepseek-r1,0.2,0.1,0.7,0.06888888888888887,1.1567796494470395,0.4000000000000001,0.4281828512741168
9,3,deepseek-r1,0.2,0.1,0.7,0.06888888888888887,1.1567796494470395,0.4000000000000001,0.4281828512741168
9,4,deepseek-r1,0.2,0.1,0.7,0.06888888888888887,1.1567796494470395,0.4000000000000001,0.4281828512741168
10,1,deepseek-r1,0.2,0.7,0.1,0.06888888888888887,1.1567796494470395,0.4000000000000001,0.4281828512741171
10,2,deepseek-r1,0.2,0.7,0.1,0.06888888888888887,1.1567796494470395,0.4000000000000001,0.4281828512741171
10,3,deepseek-r1,0.2,0.7,0.1,0.06888888888888887,1.1567796494470395,0.4000000000000001,0.4281828512741171
10,4,deepseek-r1,0.1,0.9,0.0,0.1622222222222222,0.46899559358928117,0.6,1.1050376315682857
11,1,deepseek-r1,0.2,0.5,0.3,0.015555555555555557,1.4854752972273346,0.20000000000000004,0.0994872034938219
11,2,deepseek-r1,0.1,0.7,0.2,0.06888888888888887,1.1567796494470395,0.4000000000000001,0.4281828512741167
11,3,deepseek-r1,0.1,0.7,0.2,0.06888888888888887,1.1567796494470395,0.4000000000000001,0.4281828512741167
11,4,deepseek-r1,0.2,0.7,0.1,0.06888888888888887,1.1567796494470395,0.4000000000000001,0.4281828512741171
12,1,deepseek-r1,0.2,0.7,0.1,0.06888888888888887,1.1567796494470395,0.4000000000000001,0.4281828512741171
12,2,deepseek-r1,0.2,0.7,0.1,0.06888888888888887,1.1567796494470395,0.4000000000000001,0.4281828512741171
12,3,deepseek-r1,0.2,0.7,0.1,0.06888888888888887,1.1567796494470395,0.4000000000000001,0.4281828512741171
12,4,deepseek-r1,0.2,0.7,0.1,0.06888888888888887,1.1567796494470395,0.4000000000000001,0.4281828512741171
13,1,deepseek-r1,0.2,0.7,0.1,0.06888888888888887,1.1567796494470395,0.4000000000000001,0.4281828512741171
13,2,deepseek-r1,0.3,0.6,0.1,0.04222222222222222,1.295461844238322,0.3333333333333333,0.28950065648283463
13,3,deepseek-r1,0.2,0.7,0.1,0.06888888888888887,1.1567796494470395,0.4000000000000001,0.4281828512741171
13,4,deepseek-r1,0.2,0.7,0.1,0.06888888888888887,1.1567796494470395,0.4000000000000001,0.4281828512741171
14,1,deepseek-r1,0.2,0.7,0.1,0.06888888888888887,1.1567796494470395,0.4000000000000001,0.4281828512741171
14,2,deepseek-r1,0.2,0.7,0.1,0.06888888888888887,1.1567796494470395,0.4000000000000001,0.4281828512741171
14,3,deepseek-r1,0.3,0.6,0.1,0.04222222222222222,1.295461844238322,0.3333333333333333,0.28950065648283463
14,4,deepseek-r1,0.3,0.6,0.1,0.04222222222222222,1.295461844238322,0.3333333333333333,0.28950065648283463
15,1,deepseek-r1,0.2,0.1,0.7,0.06888888888888887,1.1567796494470395,0.4000000000000001,0.4281828512741168
15,2,deepseek-r1,0.2,0.1,0.7,0.06888888888888887,1.1567796494470395,0.4000000000000001,0.4281828512741168
15,3,deepseek-r1,0.2,0.1,0.7,0.06888888888888887,1.1567796494470395,0.4000000000000001,0.4281828512741168
15,4,deepseek-r1,0.2,0.1,0.7,0.06888888888888887,1.1567796494470395,0.4000000000000001,0.4281828512741168
16,1,deepseek-r1,0.2,0.1,0.7,0.06888888888888887,1.1567796494470395,0.4000000000000001,0.4281828512741168
16,2,deepseek-r1,0.2,0.1,0.7,0.06888888888888887,1.1567796494470395,0.4000000000000001,0.4281828512741168
16,3,deepseek-r1,0.1,0.3,0.6,0.04222222222222222,1.2954618442383217,0.3333333333333333,0.2895006564828345
16,4,deepseek-r1,0.1,0.2,0.7,0.06888888888888887,1.1567796494470395,0.4000000000000001,0.4281828512741168
18,1,deepseek-r1,0.1,0.4,0.5,0.02888888888888889,1.3609640474436813,0.2666666666666666,0.22399845327747514
18,2,deepseek-r1,0.1,0.2,0.7,0.06888888888888887,1.1567796494470395,0.4000000000000001,0.4281828512741168
18,3,deepseek-r1,0.1,0.4,0.5,0.02888888888888889,1.3609640474436813,0.2666666666666666,0.22399845327747514
18,4,deepseek-r1,0.2,0.3,0.5,0.015555555555555553,1.4854752972273346,0.20000000000000004,0.0994872034938219
19,1,deepseek-r1,0.1,0.2,0.7,0.06888888888888887,1.1567796494470395,0.4000000000000001,0.4281828512741168
19,2,deepseek-r1,0.1,0.2,0.7,0.06888888888888887,1.1567796494470395,0.4000000000000001,0.4281828512741168
19,3,deepseek-r1,0.1,0.2,0.7,0.06888888888888887,1.1567796494470395,0.4000000000000001,0.4281828512741168
19,4,deepseek-r1,0.1,0.2,0.7,0.06888888888888887,1.1567796494470395,0.4000000000000001,0.4281828512741168
21,1,deepseek-r1,0.3,0.1,0.6,0.04222222222222222,1.2954618442383217,0.3333333333333333,0.2895006564828345
21,2,deepseek-r1,0.3,0.1,0.6,0.04222222222222222,1.2954618442383217,0.3333333333333333,0.2895006564828345
21,3,deepseek-r1,0.2,0.1,0.7,0.06888888888888887,1.1567796494470395,0.4000000000000001,0.4281828512741168
21,4,deepseek-r1,0.2,0.1,0.7,0.06888888888888887,1.1567796494470395,0.4000000000000001,0.4281828512741168
23,1,deepseek-r1,0.2,0.1,0.7,0.06888888888888887,1.1567796494470395,0.4000000000000001,0.4281828512741168
23,2,deepseek-r1,0.2,0.1,0.7,0.06888888888888887,1.1567796494470395,0.4000000000000001,0.4281828512741168
23,3,deepseek-r1,0.2,0.1,0.7,0.06888888888888887,1.1567796494470395,0.4000000000000001,0.4281828512741168
23,4,deepseek-r1,0.1,0.2,0.7,0.06888888888888887,1.1567796494470395,0.4000000000000001,0.4281828512741168
24,1,deepseek-r1,0.2,0.1,0.7,0.06888888888888887,1.1567796494470395,0.4000000000000001,0.4281828512741168
24,2,deepseek-r1,0.1,0.1,0.8,0.10888888888888891,0.9219280948873624,0.4666666666666666,0.6630344058337941
24,3,deepseek-r1,0.1,0.1,0.8,0.10888888888888891,0.9219280948873624,0.4666666666666666,0.6630344058337941
24,4,deepseek-r1,0.1,0.1,0.8,0.10888888888888891,0.9219280948873624,0.4666666666666666,0.6630344058337941
26,1,deepseek-r1,0.4,0.1,0.5,0.02888888888888889,1.3609640474436813,0.2666666666666666,0.22399845327747514
26,2,deepseek-r1,0.6,0.1,0.3,0.04222222222222222,1.295461844238322,0.3333333333333333,0.2895006564828345
26,3,deepseek-r1,0.7,0.1,0.2,0.06888888888888887,1.1567796494470395,0.4000000000000001,0.4281828512741167
26,4,deepseek-r1,0.7,0.1,0.2,0.06888888888888887,1.1567796494470395,0.4000000000000001,0.4281828512741167
27,1,deepseek-r1,0.6,0.2,0.2,0.03555555555555555,1.370950594454669,0.2666666666666666,0.2140119062664876
27,2,deepseek-r1,0.6,0.1,0.3,0.04222222222222222,1.295461844238322,0.3333333333333333,0.2895006564828345
27,3,deepseek-r1,0.7,0.1,0.2,0.06888888888888887,1.1567796494470395,0.4000000000000001,0.4281828512741167
27,4,deepseek-r1,0.5,0.2,0.3,0.015555555555555557,1.4854752972273346,0.20000000000000004,0.0994872034938219
28,1,deepseek-r1,0.1,0.6,0.3,0.04222222222222222,1.295461844238322,0.3333333333333333,0.2895006564828345
28,2,deepseek-r1,0.1,0.7,0.2,0.06888888888888887,1.1567796494470395,0.4000000000000001,0.4281828512741167
28,3,deepseek-r1,0.1,0.7,0.2,0.06888888888888887,1.1567796494470395,0.4000000000000001,0.4281828512741167
28,4,deepseek-r1,0.1,0.7,0.2,0.06888888888888887,1.1567796494470395,0.4000000000000001,0.4281828512741167
29,1,deepseek-r1,0.1,0.3,0.6,0.04222222222222222,1.2954618442383217,0.3333333333333333,0.2895006564828345
29,2,deepseek-r1,0.1,0.2,0.7,0.06888888888888887,1.1567796494470395,0.4000000000000001,0.4281828512741168
29,3,deepseek-r1,0.1,0.2,0.7,0.06888888888888887,1.1567796494470395,0.4000000000000001,0.4281828512741168
29,4,deepseek-r1,0.1,0.2,0.7,0.06888888888888887,1.1567796494470395,0.4000000000000001,0.4281828512741168
30,1,deepseek-r1,0.2,0.7,0.1,0.06888888888888887,1.1567796494470395,0.4000000000000001,0.4281828512741171
30,2,deepseek-r1,0.2,0.7,0.1,0.06888888888888887,1.1567796494470395,0.4000000000000001,0.4281828512741171
30,3,deepseek-r1,0.2,0.7,0.1,0.06888888888888887,1.1567796494470395,0.4000000000000001,0.4281828512741171
30,4,deepseek-r1,0.2,0.7,0.1,0.06888888888888887,1.1567796494470395,0.4000000000000001,0.4281828512741171
31,1,deepseek-r1,0.1,0.6,0.3,0.04222222222222222,1.295461844238322,0.3333333333333333,0.2895006564828345
31,2,deepseek-r1,0.1,0.7,0.2,0.06888888888888887,1.1567796494470395,0.4000000000000001,0.4281828512741167
31,3,deepseek-r1,0.1,0.7,0.2,0.06888888888888887,1.1567796494470395,0.4000000000000001,0.4281828512741167
31,4,deepseek-r1,0.1,0.7,0.2,0.06888888888888887,1.1567796494470395,0.4000000000000001,0.4281828512741167
33,1,deepseek-r1,0.7,0.2,0.1,0.06888888888888887,1.1567796494470395,0.4000000000000001,0.4281828512741171
33,2,deepseek-r1,0.7,0.2,0.1,0.06888888888888887,1.1567796494470395,0.4000000000000001,0.4281828512741171
33,3,deepseek-r1,0.8,0.2,0.0,0.11555555555555558,0.7219280948873623,0.5333333333333333,0.8523578100916813
33,4,deepseek-r1,0.7,0.2,0.1,0.06888888888888887,1.1567796494470395,0.4000000000000001,0.4281828512741171
34,1,deepseek-r1,0.1,0.6,0.3,0.04222222222222222,1.295461844238322,0.3333333333333333,0.2895006564828345
34,2,deepseek-r1,0.2,0.7,0.1,0.06888888888888887,1.1567796494470395,0.4000000000000001,0.4281828512741171
34,3,deepseek-r1,0.3,0.6,0.1,0.04222222222222222,1.295461844238322,0.3333333333333333,0.28950065648283463
34,4,deepseek-r1,0.2,0.7,0.1,0.06888888888888887,1.1567796494470395,0.4000000000000001,0.4281828512741171
36,1,deepseek-r1,0.3,0.5,0.2,0.015555555555555553,1.4854752972273346,0.20000000000000004,0.0994872034938219
36,2,deepseek-r1,0.3,0.6,0.1,0.04222222222222222,1.295461844238322,0.3333333333333333,0.28950065648283463
36,3,deepseek-r1,0.2,0.7,0.1,0.06888888888888887,1.1567796494470395,0.4000000000000001,0.4281828512741171
36,4,deepseek-r1,0.3,0.6,0.1,0.04222222222222222,1.295461844238322,0.3333333333333333,0.28950065648283463
37,1,deepseek-r1,0.4,0.3,0.3,0.0022222222222222235,1.570950594454669,0.06666666666666672,0.01401190626648767
37,2,deepseek-r1,0.6,0.2,0.2,0.03555555555555555,1.370950594454669,0.2666666666666666,0.2140119062664876
37,3,deepseek-r1,0.6,0.2,0.2,0.03555555555555555,1.370950594454669,0.2666666666666666,0.2140119062664876
37,4,deepseek-r1,0.6,0.1,0.3,0.04222222222222222,1.295461844238322,0.3333333333333333,0.2895006564828345
40,1,deepseek-r1,0.1,0.2,0.7,0.06888888888888887,1.1567796494470395,0.4000000000000001,0.4281828512741168
40,2,deepseek-r1,0.1,0.2,0.7,0.06888888888888887,1.1567796494470395,0.4000000000000001,0.4281828512741168
40,3,deepseek-r1,0.1,0.1,0.8,0.10888888888888891,0.9219280948873624,0.4666666666666666,0.6630344058337941
40,4,deepseek-r1,0.1,0.1,0.8,0.10888888888888891,0.9219280948873624,0.4666666666666666,0.6630344058337941
41,1,deepseek-r1,0.5,0.3,0.2,0.015555555555555553,1.4854752972273346,0.20000000000000004,0.0994872034938219
41,2,deepseek-r1,0.5,0.3,0.2,0.015555555555555553,1.4854752972273346,0.20000000000000004,0.0994872034938219
41,3,deepseek-r1,0.6,0.3,0.1,0.04222222222222222,1.295461844238322,0.3333333333333333,0.28950065648283463
41,4,deepseek-r1,0.6,0.3,0.1,0.04222222222222222,1.295461844238322,0.3333333333333333,0.28950065648283463
42,1,deepseek-r1,0.1,0.8,0.1,0.10888888888888888,0.9219280948873624,0.4666666666666666,0.663034405833794
42,2,deepseek-r1,0.2,0.7,0.1,0.06888888888888887,1.1567796494470395,0.4000000000000001,0.4281828512741171
42,3,deepseek-r1,0.1,0.9,0.0,0.1622222222222222,0.46899559358928117,0.6,1.1050376315682857
42,4,deepseek-r1,0.2,0.7,0.1,0.06888888888888887,1.1567796494470395,0.4000000000000001,0.4281828512741171
43,1,deepseek-r1,0.3,0.6,0.1,0.04222222222222222,1.295461844238322,0.3333333333333333,0.28950065648283463
43,2,deepseek-r1,0.3,0.6,0.1,0.04222222222222222,1.295461844238322,0.3333333333333333,0.28950065648283463
43,3,deepseek-r1,0.2,0.7,0.1,0.06888888888888887,1.1567796494470395,0.4000000000000001,0.4281828512741171
43,4,deepseek-r1,0.2,0.7,0.1,0.06888888888888887,1.1567796494470395,0.4000000000000001,0.4281828512741171
44,1,deepseek-r1,0.6,0.1,0.3,0.04222222222222222,1.295461844238322,0.3333333333333333,0.2895006564828345
44,2,deepseek-r1,0.7,0.1,0.2,0.06888888888888887,1.1567796494470395,0.4000000000000001,0.4281828512741167
44,3,deepseek-r1,0.7,0.1,0.2,0.06888888888888887,1.1567796494470395,0.4000000000000001,0.4281828512741167
44,4,deepseek-r1,0.7,0.2,0.1,0.06888888888888887,1.1567796494470395,0.4000000000000001,0.4281828512741171
47,1,deepseek-r1,0.1,0.7,0.2,0.06888888888888887,1.1567796494470395,0.4000000000000001,0.4281828512741167
47,2,deepseek-r1,0.1,0.6,0.3,0.04222222222222222,1.295461844238322,0.3333333333333333,0.2895006564828345
47,3,deepseek-r1,0.2,0.5,0.3,0.015555555555555557,1.4854752972273346,0.20000000000000004,0.0994872034938219
47,4,deepseek-r1,0.1,0.7,0.2,0.06888888888888887,1.1567796494470395,0.4000000000000001,0.4281828512741167
48,1,deepseek-r1,0.7,0.2,0.1,0.06888888888888887,1.1567796494470395,0.4000000000000001,0.4281828512741171
48,2,deepseek-r1,0.7,0.2,0.1,0.06888888888888887,1.1567796494470395,0.4000000000000001,0.4281828512741171
48,3,deepseek-r1,0.7,0.2,0.1,0.06888888888888887,1.1567796494470395,0.4000000000000001,0.4281828512741171
48,4,deepseek-r1,0.8,0.1,0.1,0.10888888888888888,0.9219280948873624,0.4666666666666666,0.663034405833794
52,1,deepseek-r1,0.1,0.1,0.8,0.10888888888888891,0.9219280948873624,0.4666666666666666,0.6630344058337941
52,2,deepseek-r1,0.2,0.3,0.5,0.015555555555555553,1.4854752972273346,0.20000000000000004,0.0994872034938219
52,3,deepseek-r1,0.2,0.1,0.7,0.06888888888888887,1.1567796494470395,0.4000000000000001,0.4281828512741168
52,4,deepseek-r1,0.3,0.1,0.6,0.04222222222222222,1.2954618442383217,0.3333333333333333,0.2895006564828345
54,1,deepseek-r1,0.3,0.3,0.4,0.002222222222222224,1.570950594454669,0.06666666666666672,0.01401190626648767
54,2,deepseek-r1,0.3,0.3,0.4,0.002222222222222224,1.570950594454669,0.06666666666666672,0.01401190626648767
54,3,deepseek-r1,0.5,0.3,0.2,0.015555555555555553,1.4854752972273346,0.20000000000000004,0.0994872034938219
54,4,deepseek-r1,0.3,0.5,0.2,0.015555555555555553,1.4854752972273346,0.20000000000000004,0.0994872034938219
55,1,deepseek-r1,0.3,0.6,0.1,0.04222222222222222,1.295461844238322,0.3333333333333333,0.28950065648283463
55,2,deepseek-r1,0.2,0.7,0.1,0.06888888888888887,1.1567796494470395,0.4000000000000001,0.4281828512741171
55,3,deepseek-r1,0.2,0.6,0.2,0.03555555555555555,1.370950594454669,0.2666666666666666,0.2140119062664876
55,4,deepseek-r1,0.2,0.7,0.1,0.06888888888888887,1.1567796494470395,0.4000000000000001,0.4281828512741171
56,1,deepseek-r1,0.3,0.1,0.6,0.04222222222222222,1.2954618442383217,0.3333333333333333,0.2895006564828345
56,2,deepseek-r1,0.2,0.1,0.7,0.06888888888888887,1.1567796494470395,0.4000000000000001,0.4281828512741168
56,3,deepseek-r1,0.2,0.1,0.7,0.06888888888888887,1.1567796494470395,0.4000000000000001,0.4281828512741168
56,4,deepseek-r1,0.2,0.1,0.7,0.06888888888888887,1.1567796494470395,0.4000000000000001,0.4281828512741168
59,1,deepseek-r1,0.7,0.1,0.2,0.06888888888888887,1.1567796494470395,0.4000000000000001,0.4281828512741167
59,2,deepseek-r1,0.6,0.1,0.3,0.04222222222222222,1.295461844238322,0.3333333333333333,0.2895006564828345
59,3,deepseek-r1,0.6,0.1,0.3,0.04222222222222222,1.295461844238322,0.3333333333333333,0.2895006564828345
59,4,deepseek-r1,0.6,0.1,0.3,0.04222222222222222,1.295461844238322,0.3333333333333333,0.2895006564828345
60,1,deepseek-r1,0.1,0.8,0.1,0.10888888888888888,0.9219280948873624,0.4666666666666666,0.663034405833794
60,2,deepseek-r1,0.1,0.8,0.1,0.10888888888888888,0.9219280948873624,0.4666666666666666,0.663034405833794
60,3,deepseek-r1,0.1,0.8,0.1,0.10888888888888888,0.9219280948873624,0.4666666666666666,0.663034405833794
60,4,deepseek-r1,0.2,0.6,0.2,0.03555555555555555,1.370950594454669,0.2666666666666666,0.2140119062664876
61,1,deepseek-r1,0.2,0.5,0.3,0.015555555555555557,1.4854752972273346,0.20000000000000004,0.0994872034938219
61,2,deepseek-r1,0.1,0.2,0.7,0.06888888888888887,1.1567796494470395,0.4000000000000001,0.4281828512741168
61,3,deepseek-r1,0.2,0.3,0.5,0.015555555555555553,1.4854752972273346,0.20000000000000004,0.0994872034938219
61,4,deepseek-r1,0.7,0.2,0.1,0.06888888888888887,1.1567796494470395,0.4000000000000001,0.4281828512741171
62,1,deepseek-r1,0.5,0.2,0.3,0.015555555555555557,1.4854752972273346,0.20000000000000004,0.0994872034938219
62,2,deepseek-r1,0.7,0.1,0.2,0.06888888888888887,1.1567796494470395,0.4000000000000001,0.4281828512741167
62,3,deepseek-r1,0.6,0.1,0.3,0.04222222222222222,1.295461844238322,0.3333333333333333,0.2895006564828345
62,4,deepseek-r1,0.7,0.1,0.2,0.06888888888888887,1.1567796494470395,0.4000000000000001,0.4281828512741167
64,1,deepseek-r1,0.3,0.3,0.4,0.002222222222222224,1.570950594454669,0.06666666666666672,0.01401190626648767
64,2,deepseek-r1,0.5,0.1,0.4,0.02888888888888889,1.3609640474436813,0.2666666666666666,0.22399845327747514
64,3,deepseek-r1,0.6,0.1,0.3,0.04222222222222222,1.295461844238322,0.3333333333333333,0.2895006564828345
64,4,deepseek-r1,0.7,0.1,0.2,0.06888888888888887,1.1567796494470395,0.4000000000000001,0.4281828512741167
65,1,deepseek-r1,0.3,0.1,0.6,0.04222222222222222,1.2954618442383217,0.3333333333333333,0.2895006564828345
65,2,deepseek-r1,0.3,0.1,0.6,0.04222222222222222,1.2954618442383217,0.3333333333333333,0.2895006564828345
65,3,deepseek-r1,0.2,0.1,0.7,0.06888888888888887,1.1567796494470395,0.4000000000000001,0.4281828512741168
65,4,deepseek-r1,0.2,0.1,0.7,0.06888888888888887,1.1567796494470395,0.4000000000000001,0.4281828512741168
66,1,deepseek-r1,0.7,0.2,0.1,0.06888888888888887,1.1567796494470395,0.4000000000000001,0.4281828512741171
66,2,deepseek-r1,0.7,0.2,0.1,0.06888888888888887,1.1567796494470395,0.4000000000000001,0.4281828512741171
66,3,deepseek-r1,0.7,0.2,0.1,0.06888888888888887,1.1567796494470395,0.4000000000000001,0.4281828512741171
66,4,deepseek-r1,0.7,0.2,0.1,0.06888888888888887,1.1567796494470395,0.4000000000000001,0.4281828512741171
67,1,deepseek-r1,0.1,0.2,0.7,0.06888888888888887,1.1567796494470395,0.4000000000000001,0.4281828512741168
67,2,deepseek-r1,0.0,0.2,0.8,0.11555555555555558,0.7219280948873623,0.5333333333333333,0.8523578100916809
67,3,deepseek-r1,0.1,0.3,0.6,0.04222222222222222,1.2954618442383217,0.3333333333333333,0.2895006564828345
67,4,deepseek-r1,0.1,0.2,0.7,0.06888888888888887,1.1567796494470395,0.4000000000000001,0.4281828512741168
70,1,deepseek-r1,0.4,0.1,0.5,0.02888888888888889,1.3609640474436813,0.2666666666666666,0.22399845327747514
70,2,deepseek-r1,0.2,0.1,0.7,0.06888888888888887,1.1567796494470395,0.4000000000000001,0.4281828512741168
70,3,deepseek-r1,0.3,0.1,0.6,0.04222222222222222,1.2954618442383217,0.3333333333333333,0.2895006564828345
70,4,deepseek-r1,0.2,0.1,0.7,0.06888888888888887,1.1567796494470395,0.4000000000000001,0.4281828512741168
71,1,deepseek-r1,0.2,0.1,0.7,0.06888888888888887,1.1567796494470395,0.4000000000000001,0.4281828512741168
71,2,deepseek-r1,0.3,0.0,0.7,0.08222222222222221,0.8812908992306927,0.4666666666666666,0.6931542093490934
71,3,deepseek-r1,0.2,0.0,0.8,0.11555555555555558,0.7219280948873623,0.5333333333333333,0.8523578100916809
71,4,deepseek-r1,0.3,0.0,0.7,0.08222222222222221,0.8812908992306927,0.4666666666666666,0.6931542093490934
72,1,deepseek-r1,0.1,0.7,0.2,0.06888888888888887,1.1567796494470395,0.4000000000000001,0.4281828512741167
72,2,deepseek-r1,0.1,0.7,0.2,0.06888888888888887,1.1567796494470395,0.4000000000000001,0.4281828512741167
72,3,deepseek-r1,0.1,0.7,0.2,0.06888888888888887,1.1567796494470395,0.4000000000000001,0.4281828512741167
72,4,deepseek-r1,0.1,0.7,0.2,0.06888888888888887,1.1567796494470395,0.4000000000000001,0.4281828512741167
73,1,deepseek-r1,0.1,0.2,0.7,0.06888888888888887,1.1567796494470395,0.4000000000000001,0.4281828512741168
73,2,deepseek-r1,0.1,0.2,0.7,0.06888888888888887,1.1567796494470395,0.4000000000000001,0.4281828512741168
73,3,deepseek-r1,0.1,0.2,0.7,0.06888888888888887,1.1567796494470395,0.4000000000000001,0.4281828512741168
73,4,deepseek-r1,0.1,0.2,0.7,0.06888888888888887,1.1567796494470395,0.4000000000000001,0.4281828512741168
74,1,deepseek-r1,0.1,0.7,0.2,0.06888888888888887,1.1567796494470395,0.4000000000000001,0.4281828512741167
74,2,deepseek-r1,0.1,0.6,0.3,0.04222222222222222,1.295461844238322,0.3333333333333333,0.2895006564828345
74,3,deepseek-r1,0.1,0.6,0.3,0.04222222222222222,1.295461844238322,0.3333333333333333,0.2895006564828345
74,4,deepseek-r1,0.1,0.7,0.2,0.06888888888888887,1.1567796494470395,0.4000000000000001,0.4281828512741167
75,1,deepseek-r1,0.2,0.1,0.7,0.06888888888888887,1.1567796494470395,0.4000000000000001,0.4281828512741168
75,2,deepseek-r1,0.2,0.1,0.7,0.06888888888888887,1.1567796494470395,0.4000000000000001,0.4281828512741168
75,3,deepseek-r1,0.2,0.0,0.8,0.11555555555555558,0.7219280948873623,0.5333333333333333,0.8523578100916809
75,4,deepseek-r1,0.2,0.0,0.8,0.11555555555555558,0.7219280948873623,0.5333333333333333,0.8523578100916809
76,1,deepseek-r1,0.1,0.2,0.7,0.06888888888888887,1.1567796494470395,0.4000000000000001,0.4281828512741168
76,2,deepseek-r1,0.1,0.1,0.8,0.10888888888888891,0.9219280948873624,0.4666666666666666,0.6630344058337941
76,3,deepseek-r1,0.1,0.2,0.7,0.06888888888888887,1.1567796494470395,0.4000000000000001,0.4281828512741168
76,4,deepseek-r1,0.1,0.2,0.7,0.06888888888888887,1.1567796494470395,0.4000000000000001,0.4281828512741168
77,1,deepseek-r1,0.1,0.2,0.7,0.06888888888888887,1.1567796494470395,0.4000000000000001,0.4281828512741168
77,2,deepseek-r1,0.1,0.3,0.6,0.04222222222222222,1.2954618442383217,0.3333333333333333,0.2895006564828345
77,3,deepseek-r1,0.1,0.3,0.6,0.04222222222222222,1.2954618442383217,0.3333333333333333,0.2895006564828345
77,4,deepseek-r1,0.1,0.2,0.7,0.06888888888888887,1.1567796494470395,0.4000000000000001,0.4281828512741168
78,1,deepseek-r1,0.1,0.7,0.2,0.06888888888888887,1.1567796494470395,0.4000000000000001,0.4281828512741167
78,2,deepseek-r1,0.1,0.7,0.2,0.06888888888888887,1.1567796494470395,0.4000000000000001,0.4281828512741167
78,3,deepseek-r1,0.1,0.7,0.2,0.06888888888888887,1.1567796494470395,0.4000000000000001,0.4281828512741167
78,4,deepseek-r1,0.1,0.7,0.2,0.06888888888888887,1.1567796494470395,0.4000000000000001,0.4281828512741167
80,1,deepseek-r1,0.3,0.2,0.5,0.015555555555555553,1.4854752972273346,0.20000000000000004,0.0994872034938219
80,2,deepseek-r1,0.3,0.1,0.6,0.04222222222222222,1.2954618442383217,0.3333333333333333,0.2895006564828345
80,3,deepseek-r1,0.2,0.1,0.7,0.06888888888888887,1.1567796494470395,0.4000000000000001,0.4281828512741168
80,4,deepseek-r1,0.4,0.1,0.5,0.02888888888888889,1.3609640474436813,0.2666666666666666,0.22399845327747514
81,1,deepseek-r1,0.5,0.3,0.2,0.015555555555555553,1.4854752972273346,0.20000000000000004,0.0994872034938219
81,2,deepseek-r1,0.7,0.2,0.1,0.06888888888888887,1.1567796494470395,0.4000000000000001,0.4281828512741171
81,3,deepseek-r1,0.6,0.3,0.1,0.04222222222222222,1.295461844238322,0.3333333333333333,0.28950065648283463
81,4,deepseek-r1,0.6,0.3,0.1,0.04222222222222222,1.295461844238322,0.3333333333333333,0.28950065648283463
82,1,deepseek-r1,0.4,0.3,0.3,0.0022222222222222235,1.570950594454669,0.06666666666666672,0.01401190626648767
82,2,deepseek-r1,0.6,0.2,0.2,0.03555555555555555,1.370950594454669,0.2666666666666666,0.2140119062664876
82,3,deepseek-r1,0.5,0.1,0.4,0.02888888888888889,1.3609640474436813,0.2666666666666666,0.22399845327747514
82,4,deepseek-r1,0.5,0.2,0.3,0.015555555555555557,1.4854752972273346,0.20000000000000004,0.0994872034938219
83,1,deepseek-r1,0.1,0.2,0.7,0.06888888888888887,1.1567796494470395,0.4000000000000001,0.4281828512741168
83,2,deepseek-r1,0.1,0.2,0.7,0.06888888888888887,1.1567796494470395,0.4000000000000001,0.4281828512741168
83,3,deepseek-r1,0.1,0.2,0.7,0.06888888888888887,1.1567796494470395,0.4000000000000001,0.4281828512741168
83,4,deepseek-r1,0.1,0.2,0.7,0.06888888888888887,1.1567796494470395,0.4000000000000001,0.4281828512741168
84,1,deepseek-r1,0.5,0.1,0.4,0.02888888888888889,1.3609640474436813,0.2666666666666666,0.22399845327747514
84,2,deepseek-r1,0.6,0.1,0.3,0.04222222222222222,1.295461844238322,0.3333333333333333,0.2895006564828345
84,3,deepseek-r1,0.6,0.1,0.3,0.04222222222222222,1.295461844238322,0.3333333333333333,0.2895006564828345
84,4,deepseek-r1,0.5,0.2,0.3,0.015555555555555557,1.4854752972273346,0.20000000000000004,0.0994872034938219
87,1,deepseek-r1,0.5,0.1,0.4,0.02888888888888889,1.3609640474436813,0.2666666666666666,0.22399845327747514
87,2,deepseek-r1,0.5,0.1,0.4,0.02888888888888889,1.3609640474436813,0.2666666666666666,0.22399845327747514
87,3,deepseek-r1,0.7,0.1,0.2,0.06888888888888887,1.1567796494470395,0.4000000000000001,0.4281828512741167
87,4,deepseek-r1,0.7,0.1,0.2,0.06888888888888887,1.1567796494470395,0.4000000000000001,0.4281828512741167
89,1,deepseek-r1,0.3,0.2,0.5,0.015555555555555553,1.4854752972273346,0.20000000000000004,0.0994872034938219
89,2,deepseek-r1,0.2,0.0,0.8,0.11555555555555558,0.7219280948873623,0.5333333333333333,0.8523578100916809
89,3,deepseek-r1,0.5,0.1,0.4,0.02888888888888889,1.3609640474436813,0.2666666666666666,0.22399845327747514
89,4,deepseek-r1,0.5,0.1,0.4,0.02888888888888889,1.3609640474436813,0.2666666666666666,0.22399845327747514
90,1,deepseek-r1,0.3,0.5,0.2,0.015555555555555553,1.4854752972273346,0.20000000000000004,0.0994872034938219
90,2,deepseek-r1,0.2,0.7,0.1,0.06888888888888887,1.1567796494470395,0.4000000000000001,0.4281828512741171
90,3,deepseek-r1,0.2,0.7,0.1,0.06888888888888887,1.1567796494470395,0.4000000000000001,0.4281828512741171
90,4,deepseek-r1,0.2,0.7,0.1,0.06888888888888887,1.1567796494470395,0.4000000000000001,0.4281828512741171
92,1,deepseek-r1,0.2,0.1,0.7,0.06888888888888887,1.1567796494470395,0.4000000000000001,0.4281828512741168
92,2,deepseek-r1,0.2,0.2,0.6,0.035555555555555556,1.370950594454669,0.2666666666666666,0.21401190626648764
92,3,deepseek-r1,0.2,0.1,0.7,0.06888888888888887,1.1567796494470395,0.4000000000000001,0.4281828512741168
92,4,deepseek-r1,0.2,0.1,0.7,0.06888888888888887,1.1567796494470395,0.4000000000000001,0.4281828512741168
93,1,deepseek-r1,0.1,0.5,0.4,0.02888888888888889,1.3609640474436813,0.2666666666666666,0.22399845327747514
93,2,deepseek-r1,0.2,0.5,0.3,0.015555555555555557,1.4854752972273346,0.20000000000000004,0.0994872034938219
93,3,deepseek-r1,0.1,0.7,0.2,0.06888888888888887,1.1567796494470395,0.4000000000000001,0.4281828512741167
93,4,deepseek-r1,0.1,0.6,0.3,0.04222222222222222,1.295461844238322,0.3333333333333333,0.2895006564828345
94,1,deepseek-r1,0.1,0.7,0.2,0.06888888888888887,1.1567796494470395,0.4000000000000001,0.4281828512741167
94,2,deepseek-r1,0.1,0.7,0.2,0.06888888888888887,1.1567796494470395,0.4000000000000001,0.4281828512741167
94,3,deepseek-r1,0.1,0.7,0.2,0.06888888888888887,1.1567796494470395,0.4000000000000001,0.4281828512741167
94,4,deepseek-r1,0.1,0.7,0.2,0.06888888888888887,1.1567796494470395,0.4000000000000001,0.4281828512741167
95,1,deepseek-r1,0.1,0.2,0.7,0.06888888888888887,1.1567796494470395,0.4000000000000001,0.4281828512741168
95,2,deepseek-r1,0.1,0.1,0.8,0.10888888888888891,0.9219280948873624,0.4666666666666666,0.6630344058337941
95,3,deepseek-r1,0.1,0.2,0.7,0.06888888888888887,1.1567796494470395,0.4000000000000001,0.4281828512741168
95,4,deepseek-r1,0.1,0.2,0.7,0.06888888888888887,1.1567796494470395,0.4000000000000001,0.4281828512741168
